swe,temp_avg,year,month,day,state,elevation,station_id,avg,avg_anomaly,median,median_anomaly,found
4.4,11,2011,01,01,WA,5,1159,24.5,-20.1,23.0,-18.6,0
4.5,20,2011,01,02,WA,5,1159,23.9,-19.4,25.0,-20.5,0
4.7,22,2011,01,03,WA,5,1159,24.9,-20.2,25.0,-20.3,0
4.7,19,2011,01,04,WA,5,1159,25.5,-20.8,27.0,-22.3,0
4.8,26,2011,01,05,WA,5,1159,27.5,-22.7,28.0,-23.2,0
4.9,33,2011,01,06,WA,5,1159,28.5,-23.6,29.0,-24.1,0
5.0,32,2011,01,07,WA,5,1159,28.0,-23.0,29.0,-24.0,0
5.0,20,2011,01,08,WA,5,1159,26.4,-21.4,28.0,-23.0,0
4.8,13,2011,01,09,WA,5,1159,26.4,-21.6,28.0,-23.2,0
4.8,11,2011,01,10,WA,5,1159,22.3,-17.5,23.0,-18.2,0
4.8,10,2011,01,11,WA,5,1159,21.6,-16.8,24.0,-19.2,0
5.0,19,2011,01,12,WA,5,1159,24.3,-19.3,25.0,-20.0,0
5.7,32,2011,01,13,WA,5,1159,25.5,-19.8,31.0,-25.3,0
5.8,37,2011,01,14,WA,5,1159,25.6,-19.8,27.0,-21.2,0
6.0,38,2011,01,15,WA,5,1159,27.5,-21.5,30.0,-24.0,0
6.3,38,2011,01,16,WA,5,1159,29.5,-23.2,29.0,-22.7,0
6.3,36,2011,01,17,WA,5,1159,29.5,-23.2,30.0,-23.7,0
6.1,23,2011,01,18,WA,5,1159,28.5,-22.4,30.0,-23.9,0
6.1,22,2011,01,19,WA,5,1159,28.9,-22.8,30.0,-23.9,0
6.1,27,2011,01,20,WA,5,1159,29.7,-23.6,28.0,-21.9,0
6.2,31,2011,01,21,WA,5,1159,29.4,-23.2,29.0,-22.8,0
6.2,33,2011,01,22,WA,5,1159,28.2,-22.0,29.0,-22.8,0
6.3,35,2011,01,23,WA,5,1159,28.6,-22.3,30.0,-23.7,0
6.3,35,2011,01,24,WA,5,1159,30.5,-24.2,30.0,-23.7,0
6.6,35,2011,01,25,WA,5,1159,31.5,-24.9,29.0,-22.4,0
6.6,39,2011,01,26,WA,5,1159,31.3,-24.7,30.0,-23.4,0
6.6,41,2011,01,27,WA,5,1159,29.7,-23.1,27.0,-20.4,0
6.6,36,2011,01,28,WA,5,1159,29.0,-22.4,29.0,-22.4,0
6.6,28,2011,01,29,WA,5,1159,29.5,-22.9,28.0,-21.4,0
6.5,11,2011,01,30,WA,5,1159,27.2,-20.7,28.0,-21.5,0
6.2,10,2011,01,31,WA,5,1159,26.2,-20.0,30.0,-23.8,0
6.1,14,2011,02,01,WA,5,1159,26.4,-20.3,29.0,-22.9,0
6.1,19,2011,02,02,WA,5,1159,25.8,-19.7,27.0,-20.9,0
6.2,26,2011,02,03,WA,5,1159,24.2,-18.0,25.0,-18.8,0
6.5,37,2011,02,04,WA,5,1159,24.3,-17.8,29.0,-22.5,0
6.6,29,2011,02,05,WA,5,1159,25.1,-18.5,31.0,-24.4,0
6.6,25,2011,02,06,WA,5,1159,24.6,-18.0,29.0,-22.4,0
7.1,27,2011,02,07,WA,5,1159,25.0,-17.9,29.0,-21.9,0
7.0,18,2011,02,08,WA,5,1159,23.4,-16.4,26.0,-19.0,0
6.9,21,2011,02,09,WA,5,1159,24.0,-17.1,25.0,-18.1,0
7.1,33,2011,02,10,WA,5,1159,25.4,-18.3,29.0,-21.9,0
7.1,33,2011,02,11,WA,5,1159,25.9,-18.8,30.0,-22.9,0
7.1,37,2011,02,12,WA,5,1159,27.8,-20.7,32.0,-24.9,0
7.0,31,2011,02,13,WA,5,1159,28.8,-21.8,31.0,-24.0,0
7.1,33,2011,02,14,WA,5,1159,28.3,-21.2,30.0,-22.9,0
7.4,29,2011,02,15,WA,5,1159,29.2,-21.8,29.0,-21.6,0
7.4,26,2011,02,16,WA,5,1159,29.1,-21.7,27.0,-19.6,0
7.4,23,2011,02,17,WA,5,1159,27.1,-19.7,28.0,-20.6,0
7.5,23,2011,02,18,WA,5,1159,24.7,-17.2,26.0,-18.5,0
7.4,18,2011,02,19,WA,5,1159,24.2,-16.8,25.0,-17.6,0
7.3,21,2011,02,20,WA,5,1159,24.5,-17.2,26.0,-18.7,0
7.2,23,2011,02,21,WA,5,1159,25.1,-17.9,28.0,-20.8,0
7.3,19,2011,02,22,WA,5,1159,24.8,-17.5,28.0,-20.7,0
7.2,13,2011,02,23,WA,5,1159,23.6,-16.4,26.0,-18.8,0
7.5,6,2011,02,24,WA,5,1159,23.5,-16.0,25.0,-17.5,0
7.3,0,2011,02,25,WA,5,1159,23.2,-15.9,26.0,-18.7,0
7.4,8,2011,02,26,WA,5,1159,24.0,-16.6,26.0,-18.6,0
7.5,18,2011,02,27,WA,5,1159,26.0,-18.5,25.0,-17.5,0
7.9,25,2011,02,28,WA,5,1159,27.2,-19.3,26.0,-18.1,0
7.7,24,2011,03,01,WA,5,1159,26.6,-18.9,28.0,-20.3,0
8.1,29,2011,03,02,WA,5,1159,27.9,-19.8,29.0,-20.9,0
8.2,27,2011,03,03,WA,5,1159,28.7,-20.5,27.0,-18.8,0
8.3,26,2011,03,04,WA,5,1159,30.3,-22.0,30.0,-21.7,0
8.4,29,2011,03,05,WA,5,1159,31.5,-23.1,34.0,-25.6,0
8.5,28,2011,03,06,WA,5,1159,30.6,-22.1,29.0,-20.5,0
8.5,26,2011,03,07,WA,5,1159,29.8,-21.3,29.0,-20.5,0
8.4,26,2011,03,08,WA,5,1159,30.2,-21.8,30.0,-21.6,0
8.6,31,2011,03,09,WA,5,1159,32.3,-23.7,30.0,-21.4,0
9.1,34,2011,03,10,WA,5,1159,33.9,-24.8,34.0,-24.9,0
9.3,30,2011,03,11,WA,5,1159,32.8,-23.5,31.0,-21.7,0
9.3,31,2011,03,12,WA,5,1159,34.0,-24.7,35.0,-25.7,0
9.4,32,2011,03,13,WA,5,1159,34.2,-24.8,36.0,-26.6,0
10.1,32,2011,03,14,WA,5,1159,33.1,-23.0,35.0,-24.9,0
10.1,33,2011,03,15,WA,5,1159,32.6,-22.5,33.0,-22.9,0
10.7,31,2011,03,16,WA,5,1159,33.3,-22.6,34.0,-23.3,0
10.5,29,2011,03,17,WA,5,1159,33.2,-22.7,31.0,-20.5,0
10.6,29,2011,03,18,WA,5,1159,34.4,-23.8,36.0,-25.4,0
10.8,30,2011,03,19,WA,5,1159,34.2,-23.4,35.0,-24.2,0
11.0,30,2011,03,20,WA,5,1159,35.0,-24.0,34.0,-23.0,0
11.1,33,2011,03,21,WA,5,1159,34.5,-23.4,34.0,-22.9,0
11.2,32,2011,03,22,WA,5,1159,33.3,-22.1,35.0,-23.8,0
11.3,31,2011,03,23,WA,5,1159,32.4,-21.1,33.0,-21.7,0
11.2,31,2011,03,24,WA,5,1159,32.5,-21.3,32.0,-20.8,0
11.6,32,2011,03,25,WA,5,1159,33.4,-21.8,33.0,-21.4,0
11.9,31,2011,03,26,WA,5,1159,35.2,-23.3,36.0,-24.1,0
12.0,31,2011,03,27,WA,5,1159,36.4,-24.4,36.0,-24.0,0
12.3,33,2011,03,28,WA,5,1159,35.8,-23.5,35.0,-22.7,0
12.3,34,2011,03,29,WA,5,1159,35.3,-23.0,35.0,-22.7,0
12.5,39,2011,03,30,WA,5,1159,37.2,-24.7,36.0,-23.5,0
12.6,41,2011,03,31,WA,5,1159,37.9,-25.3,39.5,-26.9,0
12.4,35,2011,04,01,WA,5,1159,38.1,-25.7,37.5,-25.1,0
12.4,31,2011,04,02,WA,5,1159,36.0,-23.6,34.0,-21.6,0
12.4,32,2011,04,03,WA,5,1159,36.3,-23.9,35.5,-23.1,0
12.4,32,2011,04,04,WA,5,1159,34.5,-22.1,35.0,-22.6,0
12.5,33,2011,04,05,WA,5,1159,35.0,-22.5,35.5,-23.0,0
12.4,27,2011,04,06,WA,5,1159,36.7,-24.3,36.5,-24.1,0
12.5,28,2011,04,07,WA,5,1159,37.4,-24.9,36.5,-24.0,0
12.6,34,2011,04,08,WA,5,1159,38.8,-26.2,36.5,-23.9,0
12.6,37,2011,04,09,WA,5,1159,39.1,-26.5,37.0,-24.4,0
12.7,36,2011,04,10,WA,5,1159,38.3,-25.6,38.0,-25.3,0
12.6,34,2011,04,11,WA,5,1159,37.1,-24.5,34.5,-21.9,0
12.4,31,2011,04,12,WA,5,1159,35.2,-22.8,34.0,-21.6,0
12.2,32,2011,04,13,WA,5,1159,35.1,-22.9,34.5,-22.3,0
12.4,30,2011,04,14,WA,5,1159,36.2,-23.8,36.0,-23.6,0
12.6,32,2011,04,15,WA,5,1159,36.5,-23.9,36.0,-23.4,0
12.6,34,2011,04,16,WA,5,1159,38.8,-26.2,38.0,-25.4,0
12.7,28,2011,04,17,WA,5,1159,39.9,-27.2,39.0,-26.3,0
12.6,26,2011,04,18,WA,5,1159,40.4,-27.8,38.5,-25.9,0
12.4,31,2011,04,19,WA,5,1159,41.4,-29.0,39.5,-27.1,0
12.7,33,2011,04,20,WA,5,1159,42.8,-30.1,41.0,-28.3,0
12.8,30,2011,04,21,WA,5,1159,42.3,-29.5,42.5,-29.7,0
12.9,34,2011,04,22,WA,5,1159,40.2,-27.3,38.0,-25.1,0
12.8,40,2011,04,23,WA,5,1159,42.3,-29.5,41.0,-28.2,0
12.6,42,2011,04,24,WA,5,1159,42.1,-29.5,42.0,-29.4,0
12.4,36,2011,04,25,WA,5,1159,41.6,-29.2,41.0,-28.6,0
12.4,37,2011,04,26,WA,5,1159,41.8,-29.4,39.0,-26.6,0
12.5,35,2011,04,27,WA,5,1159,41.0,-28.5,38.5,-26.0,0
12.5,31,2011,04,28,WA,5,1159,40.3,-27.8,41.5,-29.0,0
12.7,34,2011,04,29,WA,5,1159,42.5,-29.8,42.5,-29.8,0
12.8,38,2011,04,30,WA,5,1159,42.1,-29.3,40.0,-27.2,0
12.6,43,2011,05,01,WA,5,1159,42.7,-30.1,43.0,-30.4,0
12.2,38,2011,05,02,WA,5,1159,44.4,-32.2,43.0,-30.8,0
12.1,36,2011,05,03,WA,5,1159,43.8,-31.7,45.5,-33.4,0
11.9,42,2011,05,04,WA,5,1159,47.6,-35.7,52.0,-40.1,0
11.4,42,2011,05,05,WA,5,1159,44.5,-33.1,46.0,-34.6,0
10.9,40,2011,05,06,WA,5,1159,44.5,-33.6,41.5,-30.6,0
10.4,36,2011,05,07,WA,5,1159,44.0,-33.6,41.0,-30.6,0
11.1,37,2011,05,08,WA,5,1159,47.8,-36.7,49.5,-38.4,0
11.2,44,2011,05,09,WA,5,1159,46.7,-35.5,47.0,-35.8,0
10.7,49,2011,05,10,WA,5,1159,51.5,-40.8,51.5,-40.8,0
9.7,48,2011,05,11,WA,5,1159,48.0,-38.3,48.0,-38.3,0
8.1,40,2011,05,12,WA,5,1159,40.0,-31.9,40.0,-31.9,0
7.5,46,2011,05,13,WA,5,1159,46.0,-38.5,46.0,-38.5,0
6.2,53,2011,05,14,WA,5,1159,53.0,-46.8,53.0,-46.8,0
3.8,45,2011,05,15,WA,5,1159,45.0,-41.2,45.0,-41.2,0
2.8,37,2011,05,16,WA,5,1159,37.0,-34.2,37.0,-34.2,0
3.2,40,2011,05,17,WA,5,1159,41.0,-37.8,41.0,-37.8,0
2.8,46,2011,05,18,WA,5,1159,46.0,-43.2,46.0,-43.2,0
1.6,51,2011,05,19,WA,5,1159,51.0,-49.4,51.0,-49.4,0
0.2,52,2011,05,20,WA,5,1159,52.0,-51.8,52.0,-51.8,0
3.8,23,2012,01,01,WA,5,1159,24.5,-20.7,23.0,-19.2,0
4.0,31,2012,01,02,WA,5,1159,23.9,-19.9,25.0,-21.0,0
4.0,32,2012,01,03,WA,5,1159,24.9,-20.9,25.0,-21.0,0
4.0,35,2012,01,04,WA,5,1159,25.5,-21.5,27.0,-23.0,0
4.0,32,2012,01,05,WA,5,1159,27.5,-23.5,28.0,-24.0,0
4.0,26,2012,01,06,WA,5,1159,28.5,-24.5,29.0,-25.0,0
4.0,24,2012,01,07,WA,5,1159,28.0,-24.0,29.0,-25.0,0
4.0,30,2012,01,08,WA,5,1159,26.4,-22.4,28.0,-24.0,0
4.0,34,2012,01,09,WA,5,1159,26.4,-22.4,28.0,-24.0,0
4.0,20,2012,01,10,WA,5,1159,22.3,-18.3,23.0,-19.0,0
4.0,18,2012,01,11,WA,5,1159,21.6,-17.6,24.0,-20.0,0
4.0,24,2012,01,12,WA,5,1159,24.3,-20.3,25.0,-21.0,0
4.0,28,2012,01,13,WA,5,1159,25.5,-21.5,31.0,-27.0,0
4.0,22,2012,01,14,WA,5,1159,25.6,-21.6,27.0,-23.0,0
4.0,15,2012,01,15,WA,5,1159,27.5,-23.5,30.0,-26.0,0
4.0,13,2012,01,16,WA,5,1159,29.5,-25.5,29.0,-25.0,0
4.0,16,2012,01,17,WA,5,1159,29.5,-25.5,30.0,-26.0,0
4.0,7,2012,01,18,WA,5,1159,28.5,-24.5,30.0,-26.0,0
4.2,15,2012,01,19,WA,5,1159,28.9,-24.7,30.0,-25.8,0
4.5,25,2012,01,20,WA,5,1159,29.7,-25.2,28.0,-23.5,0
5.1,29,2012,01,21,WA,5,1159,29.4,-24.3,29.0,-23.9,0
5.1,23,2012,01,22,WA,5,1159,28.2,-23.1,29.0,-23.9,0
5.6,24,2012,01,23,WA,5,1159,28.6,-23.0,30.0,-24.4,0
5.5,25,2012,01,24,WA,5,1159,30.5,-25.0,30.0,-24.5,0
5.9,29,2012,01,25,WA,5,1159,31.5,-25.6,29.0,-23.1,0
5.8,25,2012,01,26,WA,5,1159,31.3,-25.5,30.0,-24.2,0
5.5,22,2012,01,27,WA,5,1159,29.7,-24.2,27.0,-21.5,0
5.7,26,2012,01,28,WA,5,1159,29.0,-23.3,29.0,-23.3,0
6.0,36,2012,01,29,WA,5,1159,29.5,-23.5,28.0,-22.0,0
6.0,35,2012,01,30,WA,5,1159,27.2,-21.2,28.0,-22.0,0
5.9,33,2012,01,31,WA,5,1159,26.2,-20.3,30.0,-24.1,0
5.9,29,2012,02,01,WA,5,1159,26.4,-20.5,29.0,-23.1,0
5.7,27,2012,02,02,WA,5,1159,25.8,-20.1,27.0,-21.3,0
5.8,30,2012,02,03,WA,5,1159,24.2,-18.4,25.0,-19.2,0
5.8,31,2012,02,04,WA,5,1159,24.3,-18.5,29.0,-23.2,0
5.8,33,2012,02,05,WA,5,1159,25.1,-19.3,31.0,-25.2,0
5.9,31,2012,02,06,WA,5,1159,24.6,-18.7,29.0,-23.1,0
5.8,29,2012,02,07,WA,5,1159,25.0,-19.2,29.0,-23.2,0
5.9,28,2012,02,08,WA,5,1159,23.4,-17.5,26.0,-20.1,0
5.9,31,2012,02,09,WA,5,1159,24.0,-18.1,25.0,-19.1,0
6.0,33,2012,02,10,WA,5,1159,25.4,-19.4,29.0,-23.0,0
6.1,35,2012,02,11,WA,5,1159,25.9,-19.8,30.0,-23.9,0
6.1,33,2012,02,12,WA,5,1159,27.8,-21.7,32.0,-25.9,0
6.1,28,2012,02,13,WA,5,1159,28.8,-22.7,31.0,-24.9,0
5.8,24,2012,02,14,WA,5,1159,28.3,-22.5,30.0,-24.2,0
5.8,28,2012,02,15,WA,5,1159,29.2,-23.4,29.0,-23.2,0
5.9,26,2012,02,16,WA,5,1159,29.1,-23.2,27.0,-21.1,0
6.1,28,2012,02,17,WA,5,1159,27.1,-21.0,28.0,-21.9,0
6.5,26,2012,02,18,WA,5,1159,24.7,-18.2,26.0,-19.5,0
6.5,26,2012,02,19,WA,5,1159,24.2,-17.7,25.0,-18.5,0
6.5,26,2012,02,20,WA,5,1159,24.5,-18.0,26.0,-19.5,0
6.5,31,2012,02,21,WA,5,1159,25.1,-18.6,28.0,-21.5,0
7.1,31,2012,02,22,WA,5,1159,24.8,-17.7,28.0,-20.9,0
6.9,26,2012,02,23,WA,5,1159,23.6,-16.7,26.0,-19.1,0
6.9,26,2012,02,24,WA,5,1159,23.5,-16.6,25.0,-18.1,0
7.4,28,2012,02,25,WA,5,1159,23.2,-15.8,26.0,-18.6,0
7.4,17,2012,02,26,WA,5,1159,24.0,-16.6,26.0,-18.6,0
7.1,16,2012,02,27,WA,5,1159,26.0,-18.9,25.0,-17.9,0
7.2,20,2012,02,28,WA,5,1159,27.2,-20.0,26.0,-18.8,0
7.3,22,2012,02,29,WA,5,1159,28.3,-21.0,30.0,-22.7,0
7.7,22,2012,03,01,WA,5,1159,26.6,-18.9,28.0,-20.3,0
7.6,27,2012,03,02,WA,5,1159,27.9,-20.3,29.0,-21.4,0
7.9,37,2012,03,03,WA,5,1159,28.7,-20.8,27.0,-19.1,0
7.9,41,2012,03,04,WA,5,1159,30.3,-22.4,30.0,-22.1,0
8.0,34,2012,03,05,WA,5,1159,31.5,-23.5,34.0,-26.0,0
7.6,19,2012,03,06,WA,5,1159,30.6,-23.0,29.0,-21.4,0
7.5,27,2012,03,07,WA,5,1159,29.8,-22.3,29.0,-21.5,0
7.7,32,2012,03,08,WA,5,1159,30.2,-22.5,30.0,-22.3,0
7.8,40,2012,03,09,WA,5,1159,32.3,-24.5,30.0,-22.2,0
7.9,38,2012,03,10,WA,5,1159,33.9,-26.0,34.0,-26.1,0
7.8,31,2012,03,11,WA,5,1159,32.8,-25.0,31.0,-23.2,0
7.7,26,2012,03,12,WA,5,1159,34.0,-26.3,35.0,-27.3,0
9.0,28,2012,03,13,WA,5,1159,34.2,-25.2,36.0,-27.0,0
8.8,26,2012,03,14,WA,5,1159,33.1,-24.3,35.0,-26.2,0
9.5,35,2012,03,15,WA,5,1159,32.6,-23.1,33.0,-23.5,0
9.9,33,2012,03,16,WA,5,1159,33.3,-23.4,34.0,-24.1,0
9.8,28,2012,03,17,WA,5,1159,33.2,-23.4,31.0,-21.2,0
9.9,28,2012,03,18,WA,5,1159,34.4,-24.5,36.0,-26.1,0
9.9,26,2012,03,19,WA,5,1159,34.2,-24.3,35.0,-25.1,0
9.9,28,2012,03,20,WA,5,1159,35.0,-25.1,34.0,-24.1,0
10.1,28,2012,03,21,WA,5,1159,34.5,-24.4,34.0,-23.9,0
10.2,27,2012,03,22,WA,5,1159,33.3,-23.1,35.0,-24.8,0
10.2,31,2012,03,23,WA,5,1159,32.4,-22.2,33.0,-22.8,0
10.1,32,2012,03,24,WA,5,1159,32.5,-22.4,32.0,-21.9,0
10.3,40,2012,03,25,WA,5,1159,33.4,-23.1,33.0,-22.7,0
10.4,38,2012,03,26,WA,5,1159,35.2,-24.8,36.0,-25.6,0
10.4,33,2012,03,27,WA,5,1159,36.4,-26.0,36.0,-25.6,0
10.7,33,2012,03,28,WA,5,1159,35.8,-25.1,35.0,-24.3,0
10.9,33,2012,03,29,WA,5,1159,35.3,-24.4,35.0,-24.1,0
12.1,35,2012,03,30,WA,5,1159,37.2,-25.1,36.0,-23.9,0
12.2,30,2012,03,31,WA,5,1159,37.9,-25.7,39.5,-27.3,0
12.5,30,2012,04,01,WA,5,1159,38.1,-25.6,37.5,-25.0,0
12.4,32,2012,04,02,WA,5,1159,36.0,-23.6,34.0,-21.6,0
12.6,35,2012,04,03,WA,5,1159,36.3,-23.7,35.5,-22.9,0
12.6,30,2012,04,04,WA,5,1159,34.5,-21.9,35.0,-22.4,0
12.6,31,2012,04,05,WA,5,1159,35.0,-22.4,35.5,-22.9,0
12.5,31,2012,04,06,WA,5,1159,36.7,-24.2,36.5,-24.0,0
12.6,32,2012,04,07,WA,5,1159,37.4,-24.8,36.5,-23.9,0
12.7,37,2012,04,08,WA,5,1159,38.8,-26.1,36.5,-23.8,0
12.7,45,2012,04,09,WA,5,1159,39.1,-26.4,37.0,-24.3,0
12.6,48,2012,04,10,WA,5,1159,38.3,-25.7,38.0,-25.4,0
12.2,48,2012,04,11,WA,5,1159,37.1,-24.9,34.5,-22.3,0
11.6,40,2012,04,12,WA,5,1159,35.2,-23.6,34.0,-22.4,0
11.3,39,2012,04,13,WA,5,1159,35.1,-23.8,34.5,-23.2,0
11.5,36,2012,04,14,WA,5,1159,36.2,-24.7,36.0,-24.5,0
11.3,37,2012,04,15,WA,5,1159,36.5,-25.2,36.0,-24.7,0
11.3,36,2012,04,16,WA,5,1159,38.8,-27.5,38.0,-26.7,0
11.3,34,2012,04,17,WA,5,1159,39.9,-28.6,39.0,-27.7,0
11.2,35,2012,04,18,WA,5,1159,40.4,-29.2,38.5,-27.3,0
11.2,36,2012,04,19,WA,5,1159,41.4,-30.2,39.5,-28.3,0
11.2,42,2012,04,20,WA,5,1159,42.8,-31.6,41.0,-29.8,0
10.9,46,2012,04,21,WA,5,1159,42.3,-31.4,42.5,-31.6,0
10.3,55,2012,04,22,WA,5,1159,40.2,-29.9,38.0,-27.7,0
8.8,59,2012,04,23,WA,5,1159,42.3,-33.5,41.0,-32.2,0
6.8,54,2012,04,24,WA,5,1159,42.1,-35.3,42.0,-35.2,0
4.7,48,2012,04,25,WA,5,1159,41.6,-36.9,41.0,-36.3,0
3.2,40,2012,04,26,WA,5,1159,41.8,-38.6,39.0,-35.8,0
2.8,36,2012,04,27,WA,5,1159,41.0,-38.2,38.5,-35.7,0
2.3,42,2012,04,28,WA,5,1159,40.3,-38.0,41.5,-39.2,0
1.5,45,2012,04,29,WA,5,1159,42.5,-41.0,42.5,-41.0,0
0.8,40,2012,04,30,WA,5,1159,42.1,-41.3,40.0,-39.2,0
0.3,36,2012,05,01,WA,5,1159,42.7,-42.4,43.0,-42.7,0
0.2,35,2012,05,02,WA,5,1159,44.4,-44.2,43.0,-42.8,0
0.1,34,2012,05,03,WA,5,1159,43.8,-43.7,45.5,-45.4,0
0.5,35,2012,05,04,WA,5,1159,47.6,-47.1,52.0,-51.5,0
0.7,35,2012,05,05,WA,5,1159,44.5,-43.8,46.0,-45.3,0
0.7,43,2012,05,06,WA,5,1159,44.5,-43.8,41.5,-40.8,0
0.2,49,2012,05,07,WA,5,1159,44.0,-43.8,41.0,-40.8,0
0.1,53,2012,05,08,WA,5,1159,47.8,-47.7,49.5,-49.4,0
8.5,22,2013,01,01,WA,5,1159,24.5,-16.0,23.0,-14.5,0
8.5,15,2013,01,02,WA,5,1159,23.9,-15.4,25.0,-16.5,0
8.5,22,2013,01,03,WA,5,1159,24.9,-16.4,25.0,-16.5,0
8.6,22,2013,01,04,WA,5,1159,25.5,-16.9,27.0,-18.4,0
8.6,26,2013,01,05,WA,5,1159,27.5,-18.9,28.0,-19.4,0
8.8,24,2013,01,06,WA,5,1159,28.5,-19.7,29.0,-20.2,0
8.9,27,2013,01,07,WA,5,1159,28.0,-19.1,29.0,-20.1,0
9.4,26,2013,01,08,WA,5,1159,26.4,-17.0,28.0,-18.6,0
9.9,30,2013,01,09,WA,5,1159,26.4,-16.5,28.0,-18.1,0
10.0,18,2013,01,10,WA,5,1159,22.3,-12.3,23.0,-13.0,0
9.8,13,2013,01,11,WA,5,1159,21.6,-11.8,24.0,-14.2,0
9.7,11,2013,01,12,WA,5,1159,24.3,-14.6,25.0,-15.3,0
9.8,15,2013,01,13,WA,5,1159,25.5,-15.7,31.0,-21.2,0
9.8,23,2013,01,14,WA,5,1159,25.6,-15.8,27.0,-17.2,0
9.9,33,2013,01,15,WA,5,1159,27.5,-17.6,30.0,-20.1,0
9.9,39,2013,01,16,WA,5,1159,29.5,-19.6,29.0,-19.1,0
9.9,40,2013,01,17,WA,5,1159,29.5,-19.6,30.0,-20.1,0
10.0,39,2013,01,18,WA,5,1159,28.5,-18.5,30.0,-20.0,0
9.9,38,2013,01,19,WA,5,1159,28.9,-19.0,30.0,-20.1,0
10.0,41,2013,01,20,WA,5,1159,29.7,-19.7,28.0,-18.0,0
10.0,38,2013,01,21,WA,5,1159,29.4,-19.4,29.0,-19.0,0
9.9,28,2013,01,22,WA,5,1159,28.2,-18.3,29.0,-19.1,0
9.8,27,2013,01,23,WA,5,1159,28.6,-18.8,30.0,-20.2,0
10.2,27,2013,01,24,WA,5,1159,30.5,-20.3,30.0,-19.8,0
10.2,29,2013,01,25,WA,5,1159,31.5,-21.3,29.0,-18.8,0
10.2,27,2013,01,26,WA,5,1159,31.3,-21.1,30.0,-19.8,0
10.2,25,2013,01,27,WA,5,1159,29.7,-19.5,27.0,-16.8,0
10.2,25,2013,01,28,WA,5,1159,29.0,-18.8,29.0,-18.8,0
10.4,27,2013,01,29,WA,5,1159,29.5,-19.1,28.0,-17.6,0
10.5,33,2013,01,30,WA,5,1159,27.2,-16.7,28.0,-17.5,0
10.5,34,2013,01,31,WA,5,1159,26.2,-15.7,30.0,-19.5,0
10.6,34,2013,02,01,WA,5,1159,26.4,-15.8,29.0,-18.4,0
10.5,38,2013,02,02,WA,5,1159,25.8,-15.3,27.0,-16.5,0
10.5,35,2013,02,03,WA,5,1159,24.2,-13.7,25.0,-14.5,0
10.6,35,2013,02,04,WA,5,1159,24.3,-13.7,29.0,-18.4,0
10.6,33,2013,02,05,WA,5,1159,25.1,-14.5,31.0,-20.4,0
10.5,31,2013,02,06,WA,5,1159,24.6,-14.1,29.0,-18.5,0
10.6,29,2013,02,07,WA,5,1159,25.0,-14.4,29.0,-18.4,0
10.9,26,2013,02,08,WA,5,1159,23.4,-12.5,26.0,-15.1,0
10.8,29,2013,02,09,WA,5,1159,24.0,-13.2,25.0,-14.2,0
10.8,29,2013,02,10,WA,5,1159,25.4,-14.6,29.0,-18.2,0
10.8,30,2013,02,11,WA,5,1159,25.9,-15.1,30.0,-19.2,0
10.7,32,2013,02,12,WA,5,1159,27.8,-17.1,32.0,-21.3,0
10.8,31,2013,02,13,WA,5,1159,28.8,-18.0,31.0,-20.2,0
10.6,30,2013,02,14,WA,5,1159,28.3,-17.7,30.0,-19.4,0
10.7,35,2013,02,15,WA,5,1159,29.2,-18.5,29.0,-18.3,0
10.8,31,2013,02,16,WA,5,1159,29.1,-18.3,27.0,-16.2,0
10.8,28,2013,02,17,WA,5,1159,27.1,-16.3,28.0,-17.2,0
10.8,26,2013,02,18,WA,5,1159,24.7,-13.9,26.0,-15.2,0
10.9,25,2013,02,19,WA,5,1159,24.2,-13.3,25.0,-14.1,0
10.7,24,2013,02,20,WA,5,1159,24.5,-13.8,26.0,-15.3,0
10.7,26,2013,02,21,WA,5,1159,25.1,-14.4,28.0,-17.3,0
10.7,28,2013,02,22,WA,5,1159,24.8,-14.1,28.0,-17.3,0
10.8,26,2013,02,23,WA,5,1159,23.6,-12.8,26.0,-15.2,0
10.7,27,2013,02,24,WA,5,1159,23.5,-12.8,25.0,-14.3,0
10.8,26,2013,02,25,WA,5,1159,23.2,-12.4,26.0,-15.2,0
10.7,27,2013,02,26,WA,5,1159,24.0,-13.3,26.0,-15.3,0
10.8,29,2013,02,27,WA,5,1159,26.0,-15.2,25.0,-14.2,0
10.8,31,2013,02,28,WA,5,1159,27.2,-16.4,26.0,-15.2,0
11.3,38,2013,03,01,WA,5,1159,26.6,-15.3,28.0,-16.7,0
11.4,38,2013,03,02,WA,5,1159,27.9,-16.5,29.0,-17.6,0
11.4,27,2013,03,03,WA,5,1159,28.7,-17.3,27.0,-15.6,0
11.2,27,2013,03,04,WA,5,1159,30.3,-19.1,30.0,-18.8,0
11.3,26,2013,03,05,WA,5,1159,31.5,-20.2,34.0,-22.7,0
11.3,29,2013,03,06,WA,5,1159,30.6,-19.3,29.0,-17.7,0
11.6,31,2013,03,07,WA,5,1159,29.8,-18.2,29.0,-17.4,0
11.7,30,2013,03,08,WA,5,1159,30.2,-18.5,30.0,-18.3,0
11.6,33,2013,03,09,WA,5,1159,32.3,-20.7,30.0,-18.4,0
11.6,35,2013,03,10,WA,5,1159,33.9,-22.3,34.0,-22.4,0
11.6,30,2013,03,11,WA,5,1159,32.8,-21.2,31.0,-19.4,0
11.7,36,2013,03,12,WA,5,1159,34.0,-22.3,35.0,-23.3,0
11.9,42,2013,03,13,WA,5,1159,34.2,-22.3,36.0,-24.1,0
11.6,43,2013,03,14,WA,5,1159,33.1,-21.5,35.0,-23.4,0
11.0,39,2013,03,15,WA,5,1159,32.6,-21.6,33.0,-22.0,0
11.1,35,2013,03,16,WA,5,1159,33.3,-22.2,34.0,-22.9,0
11.1,28,2013,03,17,WA,5,1159,33.2,-22.1,31.0,-19.9,0
11.0,26,2013,03,18,WA,5,1159,34.4,-23.4,36.0,-25.0,0
10.9,29,2013,03,19,WA,5,1159,34.2,-23.3,35.0,-24.1,0
11.2,32,2013,03,20,WA,5,1159,35.0,-23.8,34.0,-22.8,0
11.4,25,2013,03,21,WA,5,1159,34.5,-23.1,34.0,-22.6,0
11.2,22,2013,03,22,WA,5,1159,33.3,-22.1,35.0,-23.8,0
11.0,25,2013,03,23,WA,5,1159,32.4,-21.4,33.0,-22.0,0
10.8,28,2013,03,24,WA,5,1159,32.5,-21.7,32.0,-21.2,0
10.7,31,2013,03,25,WA,5,1159,33.4,-22.7,33.0,-22.3,0
10.8,38,2013,03,26,WA,5,1159,35.2,-24.4,36.0,-25.2,0
10.8,41,2013,03,27,WA,5,1159,36.4,-25.6,36.0,-25.2,0
10.9,40,2013,03,28,WA,5,1159,35.8,-24.9,35.0,-24.1,0
10.8,42,2013,03,29,WA,5,1159,35.3,-24.5,35.0,-24.2,0
11.3,45,2013,03,30,WA,5,1159,37.2,-25.9,36.0,-24.7,0
11.2,49,2013,03,31,WA,5,1159,37.9,-26.7,39.5,-28.3,0
10.8,50,2013,04,01,WA,5,1159,38.1,-27.3,37.5,-26.7,0
10.3,47,2013,04,02,WA,5,1159,36.0,-25.7,34.0,-23.7,0
9.6,45,2013,04,03,WA,5,1159,36.3,-26.7,35.5,-25.9,0
9.1,42,2013,04,04,WA,5,1159,34.5,-25.4,35.0,-25.9,0
8.5,40,2013,04,05,WA,5,1159,35.0,-26.5,35.5,-27.0,0
7.7,37,2013,04,06,WA,5,1159,36.7,-29.0,36.5,-28.8,0
7.3,32,2013,04,07,WA,5,1159,37.4,-30.1,36.5,-29.2,0
8.1,33,2013,04,08,WA,5,1159,38.8,-30.7,36.5,-28.4,0
8.1,35,2013,04,09,WA,5,1159,39.1,-31.0,37.0,-28.9,0
8.1,38,2013,04,10,WA,5,1159,38.3,-30.2,38.0,-29.9,0
8.0,35,2013,04,11,WA,5,1159,37.1,-29.1,34.5,-26.5,0
8.0,33,2013,04,12,WA,5,1159,35.2,-27.2,34.0,-26.0,0
8.1,30,2013,04,13,WA,5,1159,35.1,-27.0,34.5,-26.4,0
8.0,29,2013,04,14,WA,5,1159,36.2,-28.2,36.0,-28.0,0
8.1,28,2013,04,15,WA,5,1159,36.5,-28.4,36.0,-27.9,0
8.0,30,2013,04,16,WA,5,1159,38.8,-30.8,38.0,-30.0,0
8.0,35,2013,04,17,WA,5,1159,39.9,-31.9,39.0,-31.0,0
8.1,38,2013,04,18,WA,5,1159,40.4,-32.3,38.5,-30.4,0
8.1,41,2013,04,19,WA,5,1159,41.4,-33.3,39.5,-31.4,0
7.7,38,2013,04,20,WA,5,1159,42.8,-35.1,41.0,-33.3,0
7.4,31,2013,04,21,WA,5,1159,42.3,-34.9,42.5,-35.1,0
7.3,35,2013,04,22,WA,5,1159,40.2,-32.9,38.0,-30.7,0
6.9,38,2013,04,23,WA,5,1159,42.3,-35.4,41.0,-34.1,0
6.6,42,2013,04,24,WA,5,1159,42.1,-35.5,42.0,-35.4,0
5.8,48,2013,04,25,WA,5,1159,41.6,-35.8,41.0,-35.2,0
4.8,50,2013,04,26,WA,5,1159,41.8,-37.0,39.0,-34.2,0
4.0,47,2013,04,27,WA,5,1159,41.0,-37.0,38.5,-34.5,0
2.8,41,2013,04,28,WA,5,1159,40.3,-37.5,41.5,-38.7,0
1.7,33,2013,04,29,WA,5,1159,42.5,-40.8,42.5,-40.8,0
1.3,31,2013,04,30,WA,5,1159,42.1,-40.8,40.0,-38.7,0
1.2,39,2013,05,01,WA,5,1159,42.7,-41.5,43.0,-41.8,0
1.0,46,2013,05,02,WA,5,1159,44.4,-43.4,43.0,-42.0,0
0.4,47,2013,05,03,WA,5,1159,43.8,-43.4,45.5,-45.1,0
0.2,52,2013,05,04,WA,5,1159,47.6,-47.4,52.0,-51.8,0
2.7,33,2014,01,01,WA,5,1159,24.5,-21.8,23.0,-20.3,0
2.9,32,2014,01,02,WA,5,1159,23.9,-21.0,25.0,-22.1,0
2.9,25,2014,01,03,WA,5,1159,24.9,-22.0,25.0,-22.1,0
2.8,21,2014,01,04,WA,5,1159,25.5,-22.7,27.0,-24.2,0
2.8,23,2014,01,05,WA,5,1159,27.5,-24.7,28.0,-25.2,0
2.8,24,2014,01,06,WA,5,1159,28.5,-25.7,29.0,-26.2,0
2.9,24,2014,01,07,WA,5,1159,28.0,-25.1,29.0,-26.1,0
3.1,28,2014,01,08,WA,5,1159,26.4,-23.3,28.0,-24.9,0
3.2,27,2014,01,09,WA,5,1159,26.4,-23.2,28.0,-24.8,0
3.2,32,2014,01,10,WA,5,1159,22.3,-19.1,23.0,-19.8,0
3.3,33,2014,01,11,WA,5,1159,21.6,-18.3,24.0,-20.7,0
3.3,30,2014,01,12,WA,5,1159,24.3,-21.0,25.0,-21.7,0
3.4,38,2014,01,13,WA,5,1159,25.5,-22.1,31.0,-27.6,0
3.3,38,2014,01,14,WA,5,1159,25.6,-22.3,27.0,-23.7,0
3.4,37,2014,01,15,WA,5,1159,27.5,-24.1,30.0,-26.6,0
3.3,40,2014,01,16,WA,5,1159,29.5,-26.2,29.0,-25.7,0
3.3,42,2014,01,17,WA,5,1159,29.5,-26.2,30.0,-26.7,0
3.4,38,2014,01,18,WA,5,1159,28.5,-25.1,30.0,-26.6,0
3.3,35,2014,01,19,WA,5,1159,28.9,-25.6,30.0,-26.7,0
3.2,33,2014,01,20,WA,5,1159,29.7,-26.5,28.0,-24.8,0
3.3,33,2014,01,21,WA,5,1159,29.4,-26.1,29.0,-25.7,0
3.3,33,2014,01,22,WA,5,1159,28.2,-24.9,29.0,-25.7,0
3.3,32,2014,01,23,WA,5,1159,28.6,-25.3,30.0,-26.7,0
3.3,37,2014,01,24,WA,5,1159,30.5,-27.2,30.0,-26.7,0
3.4,40,2014,01,25,WA,5,1159,31.5,-28.1,29.0,-25.6,0
3.3,35,2014,01,26,WA,5,1159,31.3,-28.0,30.0,-26.7,0
3.2,24,2014,01,27,WA,5,1159,29.7,-26.5,27.0,-23.8,0
3.2,25,2014,01,28,WA,5,1159,29.0,-25.8,29.0,-25.8,0
3.2,25,2014,01,29,WA,5,1159,29.5,-26.3,28.0,-24.8,0
3.4,24,2014,01,30,WA,5,1159,27.2,-23.8,28.0,-24.6,0
3.6,16,2014,01,31,WA,5,1159,26.2,-22.6,30.0,-26.4,0
3.3,17,2014,02,01,WA,5,1159,26.4,-23.1,29.0,-25.7,0
3.5,18,2014,02,02,WA,5,1159,25.8,-22.3,27.0,-23.5,0
3.4,10,2014,02,03,WA,5,1159,24.2,-20.8,25.0,-21.6,0
3.3,3,2014,02,04,WA,5,1159,24.3,-21.0,29.0,-25.7,0
3.2,-2,2014,02,05,WA,5,1159,25.1,-21.9,31.0,-27.8,0
3.2,2,2014,02,06,WA,5,1159,24.6,-21.4,29.0,-25.8,0
3.4,7,2014,02,07,WA,5,1159,25.0,-21.6,29.0,-25.6,0
3.4,10,2014,02,08,WA,5,1159,23.4,-20.0,26.0,-22.6,0
3.5,14,2014,02,09,WA,5,1159,24.0,-20.5,25.0,-21.5,0
3.6,18,2014,02,10,WA,5,1159,25.4,-21.8,29.0,-25.4,0
3.8,26,2014,02,11,WA,5,1159,25.9,-22.1,30.0,-26.2,0
4.2,34,2014,02,12,WA,5,1159,27.8,-23.6,32.0,-27.8,0
4.4,33,2014,02,13,WA,5,1159,28.8,-24.4,31.0,-26.6,0
4.3,31,2014,02,14,WA,5,1159,28.3,-24.0,30.0,-25.7,0
4.6,29,2014,02,15,WA,5,1159,29.2,-24.6,29.0,-24.4,0
5.2,27,2014,02,16,WA,5,1159,29.1,-23.9,27.0,-21.8,0
5.2,29,2014,02,17,WA,5,1159,27.1,-21.9,28.0,-22.8,0
5.2,27,2014,02,18,WA,5,1159,24.7,-19.5,26.0,-20.8,0
5.6,25,2014,02,19,WA,5,1159,24.2,-18.6,25.0,-19.4,0
5.5,26,2014,02,20,WA,5,1159,24.5,-19.0,26.0,-20.5,0
5.6,20,2014,02,21,WA,5,1159,25.1,-19.5,28.0,-22.4,0
5.5,19,2014,02,22,WA,5,1159,24.8,-19.3,28.0,-22.5,0
5.7,18,2014,02,23,WA,5,1159,23.6,-17.9,26.0,-20.3,0
6.0,17,2014,02,24,WA,5,1159,23.5,-17.5,25.0,-19.0,0
6.4,20,2014,02,25,WA,5,1159,23.2,-16.8,26.0,-19.6,0
6.3,29,2014,02,26,WA,5,1159,24.0,-17.7,26.0,-19.7,0
6.5,35,2014,02,27,WA,5,1159,26.0,-19.5,25.0,-18.5,0
6.5,27,2014,02,28,WA,5,1159,27.2,-20.7,26.0,-19.5,0
6.3,9,2014,03,01,WA,5,1159,26.6,-20.3,28.0,-21.7,0
6.1,11,2014,03,02,WA,5,1159,27.9,-21.8,29.0,-22.9,0
6.4,25,2014,03,03,WA,5,1159,28.7,-22.3,27.0,-20.6,0
6.6,33,2014,03,04,WA,5,1159,30.3,-23.7,30.0,-23.4,0
6.7,37,2014,03,05,WA,5,1159,31.5,-24.8,34.0,-27.3,0
6.9,36,2014,03,06,WA,5,1159,30.6,-23.7,29.0,-22.1,0
6.9,39,2014,03,07,WA,5,1159,29.8,-22.9,29.0,-22.1,0
6.8,36,2014,03,08,WA,5,1159,30.2,-23.4,30.0,-23.2,0
6.9,41,2014,03,09,WA,5,1159,32.3,-25.4,30.0,-23.1,0
6.7,34,2014,03,10,WA,5,1159,33.9,-27.2,34.0,-27.3,0
6.5,34,2014,03,11,WA,5,1159,32.8,-26.3,31.0,-24.5,0
6.5,38,2014,03,12,WA,5,1159,34.0,-27.5,35.0,-28.5,0
6.5,36,2014,03,13,WA,5,1159,34.2,-27.7,36.0,-29.5,0
6.5,36,2014,03,14,WA,5,1159,33.1,-26.6,35.0,-28.5,0
6.7,34,2014,03,15,WA,5,1159,32.6,-25.9,33.0,-26.3,0
6.9,39,2014,03,16,WA,5,1159,33.3,-26.4,34.0,-27.1,0
6.9,31,2014,03,17,WA,5,1159,33.2,-26.3,31.0,-24.1,0
6.8,30,2014,03,18,WA,5,1159,34.4,-27.6,36.0,-29.2,0
6.7,30,2014,03,19,WA,5,1159,34.2,-27.5,35.0,-28.3,0
6.8,25,2014,03,20,WA,5,1159,35.0,-28.2,34.0,-27.2,0
6.7,26,2014,03,21,WA,5,1159,34.5,-27.8,34.0,-27.3,0
6.8,28,2014,03,22,WA,5,1159,33.3,-26.5,35.0,-28.2,0
6.8,29,2014,03,23,WA,5,1159,32.4,-25.6,33.0,-26.2,0
6.7,34,2014,03,24,WA,5,1159,32.5,-25.8,32.0,-25.3,0
6.8,37,2014,03,25,WA,5,1159,33.4,-26.6,33.0,-26.2,0
6.7,37,2014,03,26,WA,5,1159,35.2,-28.5,36.0,-29.3,0
6.7,33,2014,03,27,WA,5,1159,36.4,-29.7,36.0,-29.3,0
6.8,33,2014,03,28,WA,5,1159,35.8,-29.0,35.0,-28.2,0
7.0,35,2014,03,29,WA,5,1159,35.3,-28.3,35.0,-28.0,0
7.1,33,2014,03,30,WA,5,1159,37.2,-30.1,36.0,-28.9,0
7.1,33,2014,03,31,WA,5,1159,37.9,-30.8,39.5,-32.4,0
7.2,35,2014,04,01,WA,5,1159,38.1,-30.9,37.5,-30.3,0
7.2,36,2014,04,02,WA,5,1159,36.0,-28.8,34.0,-26.8,0
7.3,36,2014,04,03,WA,5,1159,36.3,-29.0,35.5,-28.2,0
7.3,37,2014,04,04,WA,5,1159,34.5,-27.2,35.0,-27.7,0
7.2,37,2014,04,05,WA,5,1159,35.0,-27.8,35.5,-28.3,0
7.2,40,2014,04,06,WA,5,1159,36.7,-29.5,36.5,-29.3,0
7.1,45,2014,04,07,WA,5,1159,37.4,-30.3,36.5,-29.4,0
7.1,48,2014,04,08,WA,5,1159,38.8,-31.7,36.5,-29.4,0
6.1,37,2014,04,09,WA,5,1159,39.1,-33.0,37.0,-30.9,0
5.9,40,2014,04,10,WA,5,1159,38.3,-32.4,38.0,-32.1,0
5.7,40,2014,04,11,WA,5,1159,37.1,-31.4,34.5,-28.8,0
5.3,37,2014,04,12,WA,5,1159,35.2,-29.9,34.0,-28.7,0
5.2,40,2014,04,13,WA,5,1159,35.1,-29.9,34.5,-29.3,0
5.0,44,2014,04,14,WA,5,1159,36.2,-31.2,36.0,-31.0,0
4.4,38,2014,04,15,WA,5,1159,36.5,-32.1,36.0,-31.6,0
4.3,37,2014,04,16,WA,5,1159,38.8,-34.5,38.0,-33.7,0
4.1,38,2014,04,17,WA,5,1159,39.9,-35.8,39.0,-34.9,0
3.7,37,2014,04,18,WA,5,1159,40.4,-36.7,38.5,-34.8,0
3.1,38,2014,04,19,WA,5,1159,41.4,-38.3,39.5,-36.4,0
2.9,40,2014,04,20,WA,5,1159,42.8,-39.9,41.0,-38.1,0
2.2,41,2014,04,21,WA,5,1159,42.3,-40.1,42.5,-40.3,0
1.7,34,2014,04,22,WA,5,1159,40.2,-38.5,38.0,-36.3,0
2.0,34,2014,04,23,WA,5,1159,42.3,-40.3,41.0,-39.0,0
2.1,37,2014,04,24,WA,5,1159,42.1,-40.0,42.0,-39.9,0
2.3,35,2014,04,25,WA,5,1159,41.6,-39.3,41.0,-38.7,0
2.8,35,2014,04,26,WA,5,1159,41.8,-39.0,39.0,-36.2,0
2.9,33,2014,04,27,WA,5,1159,41.0,-38.1,38.5,-35.6,0
3.0,37,2014,04,28,WA,5,1159,40.3,-37.3,41.5,-38.5,0
3.0,45,2014,04,29,WA,5,1159,42.5,-39.5,42.5,-39.5,0
2.8,53,2014,04,30,WA,5,1159,42.1,-39.3,40.0,-37.2,0
2.1,59,2014,05,01,WA,5,1159,42.7,-40.6,43.0,-40.9,0
0.6,58,2014,05,02,WA,5,1159,44.4,-43.8,43.0,-42.4,0
3.0,28,2015,01,01,WA,5,1159,24.5,-21.5,23.0,-20.0,0
2.9,19,2015,01,02,WA,5,1159,23.9,-21.0,25.0,-22.1,0
2.9,24,2015,01,03,WA,5,1159,24.9,-22.0,25.0,-22.1,0
3.0,23,2015,01,04,WA,5,1159,25.5,-22.5,27.0,-24.0,0
3.4,33,2015,01,05,WA,5,1159,27.5,-24.1,28.0,-24.6,0
4.0,42,2015,01,06,WA,5,1159,28.5,-24.5,29.0,-25.0,0
4.0,40,2015,01,07,WA,5,1159,28.0,-24.0,29.0,-25.0,0
3.9,35,2015,01,08,WA,5,1159,26.4,-22.5,28.0,-24.1,0
3.9,30,2015,01,09,WA,5,1159,26.4,-22.5,28.0,-24.1,0
3.8,28,2015,01,10,WA,5,1159,22.3,-18.5,23.0,-19.2,0
3.9,28,2015,01,11,WA,5,1159,21.6,-17.7,24.0,-20.1,0
3.9,29,2015,01,12,WA,5,1159,24.3,-20.4,25.0,-21.1,0
3.8,30,2015,01,13,WA,5,1159,25.5,-21.7,31.0,-27.2,0
3.8,23,2015,01,14,WA,5,1159,25.6,-21.8,27.0,-23.2,0
3.8,21,2015,01,15,WA,5,1159,27.5,-23.7,30.0,-26.2,0
3.9,30,2015,01,16,WA,5,1159,29.5,-25.6,29.0,-25.1,0
4.0,28,2015,01,17,WA,5,1159,29.5,-25.5,30.0,-26.0,0
4.6,32,2015,01,18,WA,5,1159,28.5,-23.9,30.0,-25.4,0
4.7,30,2015,01,19,WA,5,1159,28.9,-24.2,30.0,-25.3,0
4.6,28,2015,01,20,WA,5,1159,29.7,-25.1,28.0,-23.4,0
4.7,28,2015,01,21,WA,5,1159,29.4,-24.7,29.0,-24.3,0
4.8,29,2015,01,22,WA,5,1159,28.2,-23.4,29.0,-24.2,0
4.7,30,2015,01,23,WA,5,1159,28.6,-23.9,30.0,-25.3,0
4.9,41,2015,01,24,WA,5,1159,30.5,-25.6,30.0,-25.1,0
4.9,48,2015,01,25,WA,5,1159,31.5,-26.6,29.0,-24.1,0
4.9,45,2015,01,26,WA,5,1159,31.3,-26.4,30.0,-25.1,0
4.8,42,2015,01,27,WA,5,1159,29.7,-24.9,27.0,-22.2,0
4.6,35,2015,01,28,WA,5,1159,29.0,-24.4,29.0,-24.4,0
4.6,34,2015,01,29,WA,5,1159,29.5,-24.9,28.0,-23.4,0
4.6,36,2015,01,30,WA,5,1159,27.2,-22.6,28.0,-23.4,0
4.6,30,2015,01,31,WA,5,1159,26.2,-21.6,30.0,-25.4,0
4.5,27,2015,02,01,WA,5,1159,26.4,-21.9,29.0,-24.5,0
4.7,28,2015,02,02,WA,5,1159,25.8,-21.1,27.0,-22.3,0
4.7,32,2015,02,03,WA,5,1159,24.2,-19.5,25.0,-20.3,0
4.8,31,2015,02,04,WA,5,1159,24.3,-19.5,29.0,-24.2,0
5.0,36,2015,02,05,WA,5,1159,25.1,-20.1,31.0,-26.0,0
5.3,39,2015,02,06,WA,5,1159,24.6,-19.3,29.0,-23.7,0
4.9,38,2015,02,07,WA,5,1159,25.0,-20.1,29.0,-24.1,0
4.8,37,2015,02,08,WA,5,1159,23.4,-18.6,26.0,-21.2,0
4.7,38,2015,02,09,WA,5,1159,24.0,-19.3,25.0,-20.3,0
4.6,39,2015,02,10,WA,5,1159,25.4,-20.8,29.0,-24.4,0
4.5,38,2015,02,11,WA,5,1159,25.9,-21.4,30.0,-25.5,0
4.3,40,2015,02,12,WA,5,1159,27.8,-23.5,32.0,-27.7,0
4.2,43,2015,02,13,WA,5,1159,28.8,-24.6,31.0,-26.8,0
3.8,36,2015,02,14,WA,5,1159,28.3,-24.5,30.0,-26.2,0
3.6,33,2015,02,15,WA,5,1159,29.2,-25.6,29.0,-25.4,0
3.5,32,2015,02,16,WA,5,1159,29.1,-25.6,27.0,-23.5,0
3.4,35,2015,02,17,WA,5,1159,27.1,-23.7,28.0,-24.6,0
3.4,36,2015,02,18,WA,5,1159,24.7,-21.3,26.0,-22.6,0
3.5,35,2015,02,19,WA,5,1159,24.2,-20.7,25.0,-21.5,0
3.5,32,2015,02,20,WA,5,1159,24.5,-21.0,26.0,-22.5,0
3.5,30,2015,02,21,WA,5,1159,25.1,-21.6,28.0,-24.5,0
3.5,28,2015,02,22,WA,5,1159,24.8,-21.3,28.0,-24.5,0
3.5,35,2015,02,23,WA,5,1159,23.6,-20.1,26.0,-22.5,0
3.5,35,2015,02,24,WA,5,1159,23.5,-20.0,25.0,-21.5,0
3.5,33,2015,02,25,WA,5,1159,23.2,-19.7,26.0,-22.5,0
3.5,32,2015,02,26,WA,5,1159,24.0,-20.5,26.0,-22.5,0
3.5,29,2015,02,27,WA,5,1159,26.0,-22.5,25.0,-21.5,0
3.5,26,2015,02,28,WA,5,1159,27.2,-23.7,26.0,-22.5,0
3.5,30,2015,03,01,WA,5,1159,26.6,-23.1,28.0,-24.5,0
3.5,26,2015,03,02,WA,5,1159,27.9,-24.4,29.0,-25.5,0
3.5,21,2015,03,03,WA,5,1159,28.7,-25.2,27.0,-23.5,0
3.5,30,2015,03,04,WA,5,1159,30.3,-26.8,30.0,-26.5,0
3.5,35,2015,03,05,WA,5,1159,31.5,-28.0,34.0,-30.5,0
3.4,44,2015,03,06,WA,5,1159,30.6,-27.2,29.0,-25.6,0
3.6,42,2015,03,07,WA,5,1159,29.8,-26.2,29.0,-25.4,0
3.7,43,2015,03,08,WA,5,1159,30.2,-26.5,30.0,-26.3,0
3.5,46,2015,03,09,WA,5,1159,32.3,-28.8,30.0,-26.5,0
3.5,47,2015,03,10,WA,5,1159,33.9,-30.4,34.0,-30.5,0
3.0,44,2015,03,11,WA,5,1159,32.8,-29.8,31.0,-28.0,0
2.3,44,2015,03,12,WA,5,1159,34.0,-31.7,35.0,-32.7,0
1.7,44,2015,03,13,WA,5,1159,34.2,-32.5,36.0,-34.3,0
1.3,42,2015,03,14,WA,5,1159,33.1,-31.8,35.0,-33.7,0
0.6,33,2015,03,15,WA,5,1159,32.6,-32.0,33.0,-32.4,0
1.4,33,2015,03,16,WA,5,1159,33.3,-31.9,34.0,-32.6,0
1.4,36,2015,03,17,WA,5,1159,33.2,-31.8,31.0,-29.6,0
1.4,39,2015,03,18,WA,5,1159,34.4,-33.0,36.0,-34.6,0
1.4,40,2015,03,19,WA,5,1159,34.2,-32.8,35.0,-33.6,0
1.4,41,2015,03,20,WA,5,1159,35.0,-33.6,34.0,-32.6,0
1.1,40,2015,03,21,WA,5,1159,34.5,-33.4,34.0,-32.9,0
0.6,36,2015,03,22,WA,5,1159,33.3,-32.7,35.0,-34.4,0
0.6,36,2015,03,23,WA,5,1159,32.4,-31.8,33.0,-32.4,0
0.5,36,2015,03,24,WA,5,1159,32.5,-32.0,32.0,-31.5,0
0.4,35,2015,03,25,WA,5,1159,33.4,-33.0,33.0,-32.6,0
0.6,43,2015,03,26,WA,5,1159,35.2,-34.6,36.0,-35.4,0
0.5,48,2015,03,27,WA,5,1159,36.4,-35.9,36.0,-35.5,0
0.2,42,2015,03,28,WA,5,1159,35.8,-35.6,35.0,-34.8,0
0.1,36,2015,04,15,WA,5,1159,36.5,-36.4,36.0,-35.9,0
0.1,45,2015,04,16,WA,5,1159,38.8,-38.7,38.0,-37.9,0
7.1,23,2016,01,01,WA,5,1159,24.5,-17.4,23.0,-15.9,0
7.2,25,2016,01,02,WA,5,1159,23.9,-16.7,25.0,-17.8,0
7.2,23,2016,01,03,WA,5,1159,24.9,-17.7,25.0,-17.8,0
7.6,27,2016,01,04,WA,5,1159,25.5,-17.9,27.0,-19.4,0
8.3,32,2016,01,05,WA,5,1159,27.5,-19.2,28.0,-19.7,0
8.5,34,2016,01,06,WA,5,1159,28.5,-20.0,29.0,-20.5,0
8.6,33,2016,01,07,WA,5,1159,28.0,-19.4,29.0,-20.4,0
8.6,29,2016,01,08,WA,5,1159,26.4,-17.8,28.0,-19.4,0
8.6,28,2016,01,09,WA,5,1159,26.4,-17.8,28.0,-19.4,0
8.6,23,2016,01,10,WA,5,1159,22.3,-13.7,23.0,-14.4,0
8.6,21,2016,01,11,WA,5,1159,21.6,-13.0,24.0,-15.4,0
8.6,25,2016,01,12,WA,5,1159,24.3,-15.7,25.0,-16.4,0
8.9,31,2016,01,13,WA,5,1159,25.5,-16.6,31.0,-22.1,0
9.4,27,2016,01,14,WA,5,1159,25.6,-16.2,27.0,-17.6,0
9.3,26,2016,01,15,WA,5,1159,27.5,-18.2,30.0,-20.7,0
9.2,25,2016,01,16,WA,5,1159,29.5,-20.3,29.0,-19.8,0
9.5,28,2016,01,17,WA,5,1159,29.5,-20.0,30.0,-20.5,0
9.6,30,2016,01,18,WA,5,1159,28.5,-18.9,30.0,-20.4,0
9.7,30,2016,01,19,WA,5,1159,28.9,-19.2,30.0,-20.3,0
10.2,30,2016,01,20,WA,5,1159,29.7,-19.5,28.0,-17.8,0
10.3,32,2016,01,21,WA,5,1159,29.4,-19.1,29.0,-18.7,0
10.7,34,2016,01,22,WA,5,1159,28.2,-17.5,29.0,-18.3,0
11.1,31,2016,01,23,WA,5,1159,28.6,-17.5,30.0,-18.9,0
11.5,30,2016,01,24,WA,5,1159,30.5,-19.0,30.0,-18.5,0
11.4,28,2016,01,25,WA,5,1159,31.5,-20.1,29.0,-17.6,0
11.4,30,2016,01,26,WA,5,1159,31.3,-19.9,30.0,-18.6,0
11.4,34,2016,01,27,WA,5,1159,29.7,-18.3,27.0,-15.6,0
11.6,33,2016,01,28,WA,5,1159,29.0,-17.4,29.0,-17.4,0
11.5,27,2016,01,29,WA,5,1159,29.5,-18.0,28.0,-16.5,0
11.6,26,2016,01,30,WA,5,1159,27.2,-15.6,28.0,-16.4,0
11.6,25,2016,01,31,WA,5,1159,26.2,-14.6,30.0,-18.4,0
11.6,24,2016,02,01,WA,5,1159,26.4,-14.8,29.0,-17.4,0
11.6,22,2016,02,02,WA,5,1159,25.8,-14.2,27.0,-15.4,0
11.5,22,2016,02,03,WA,5,1159,24.2,-12.7,25.0,-13.5,0
11.8,29,2016,02,04,WA,5,1159,24.3,-12.5,29.0,-17.2,0
11.9,32,2016,02,05,WA,5,1159,25.1,-13.2,31.0,-19.1,0
11.9,28,2016,02,06,WA,5,1159,24.6,-12.7,29.0,-17.1,0
11.7,29,2016,02,07,WA,5,1159,25.0,-13.3,29.0,-17.3,0
11.9,34,2016,02,08,WA,5,1159,23.4,-11.5,26.0,-14.1,0
12.0,39,2016,02,09,WA,5,1159,24.0,-12.0,25.0,-13.0,0
12.0,38,2016,02,10,WA,5,1159,25.4,-13.4,29.0,-17.0,0
12.0,36,2016,02,11,WA,5,1159,25.9,-13.9,30.0,-18.0,0
12.1,35,2016,02,12,WA,5,1159,27.8,-15.7,32.0,-19.9,0
12.2,32,2016,02,13,WA,5,1159,28.8,-16.6,31.0,-18.8,0
12.2,34,2016,02,14,WA,5,1159,28.3,-16.1,30.0,-17.8,0
12.3,36,2016,02,15,WA,5,1159,29.2,-16.9,29.0,-16.7,0
12.4,38,2016,02,16,WA,5,1159,29.1,-16.7,27.0,-14.6,0
12.4,36,2016,02,17,WA,5,1159,27.1,-14.7,28.0,-15.6,0
12.6,33,2016,02,18,WA,5,1159,24.7,-12.1,26.0,-13.4,0
12.6,32,2016,02,19,WA,5,1159,24.2,-11.6,25.0,-12.4,0
12.9,31,2016,02,20,WA,5,1159,24.5,-11.6,26.0,-13.1,0
12.9,28,2016,02,21,WA,5,1159,25.1,-12.2,28.0,-15.1,0
12.9,29,2016,02,22,WA,5,1159,24.8,-11.9,28.0,-15.1,0
12.9,31,2016,02,23,WA,5,1159,23.6,-10.7,26.0,-13.1,0
13.1,33,2016,02,24,WA,5,1159,23.5,-10.4,25.0,-11.9,0
13.1,36,2016,02,25,WA,5,1159,23.2,-10.1,26.0,-12.9,0
13.1,40,2016,02,26,WA,5,1159,24.0,-10.9,26.0,-12.9,0
12.9,39,2016,02,27,WA,5,1159,26.0,-13.1,25.0,-12.1,0
12.8,35,2016,02,28,WA,5,1159,27.2,-14.4,26.0,-13.2,0
12.7,33,2016,02,29,WA,5,1159,28.3,-15.6,30.0,-17.3,0
12.9,31,2016,03,01,WA,5,1159,26.6,-13.7,28.0,-15.1,0
13.7,32,2016,03,02,WA,5,1159,27.9,-14.2,29.0,-15.3,0
13.9,36,2016,03,03,WA,5,1159,28.7,-14.8,27.0,-13.1,0
13.8,38,2016,03,04,WA,5,1159,30.3,-16.5,30.0,-16.2,0
13.9,41,2016,03,05,WA,5,1159,31.5,-17.6,34.0,-20.1,0
13.8,37,2016,03,06,WA,5,1159,30.6,-16.8,29.0,-15.2,0
13.9,31,2016,03,07,WA,5,1159,29.8,-15.9,29.0,-15.1,0
13.9,31,2016,03,08,WA,5,1159,30.2,-16.3,30.0,-16.1,0
14.0,30,2016,03,09,WA,5,1159,32.3,-18.3,30.0,-16.0,0
14.7,36,2016,03,10,WA,5,1159,33.9,-19.2,34.0,-19.3,0
15.2,35,2016,03,11,WA,5,1159,32.8,-17.6,31.0,-15.8,0
15.2,34,2016,03,12,WA,5,1159,34.0,-18.8,35.0,-19.8,0
15.0,28,2016,03,13,WA,5,1159,34.2,-19.2,36.0,-21.0,0
15.3,30,2016,03,14,WA,5,1159,33.1,-17.8,35.0,-19.7,0
15.3,30,2016,03,15,WA,5,1159,32.6,-17.3,33.0,-17.7,0
15.5,29,2016,03,16,WA,5,1159,33.3,-17.8,34.0,-18.5,0
15.5,28,2016,03,17,WA,5,1159,33.2,-17.7,31.0,-15.5,0
15.5,32,2016,03,18,WA,5,1159,34.4,-18.9,36.0,-20.5,0
15.3,37,2016,03,19,WA,5,1159,34.2,-18.9,35.0,-19.7,0
15.3,40,2016,03,20,WA,5,1159,35.0,-19.7,34.0,-18.7,0
15.3,38,2016,03,21,WA,5,1159,34.5,-19.2,34.0,-18.7,0
15.1,37,2016,03,22,WA,5,1159,33.3,-18.2,35.0,-19.9,0
15.1,35,2016,03,23,WA,5,1159,32.4,-17.3,33.0,-17.9,0
15.0,34,2016,03,24,WA,5,1159,32.5,-17.5,32.0,-17.0,0
15.3,33,2016,03,25,WA,5,1159,33.4,-18.1,33.0,-17.7,0
15.6,36,2016,03,26,WA,5,1159,35.2,-19.6,36.0,-20.4,0
15.8,33,2016,03,27,WA,5,1159,36.4,-20.6,36.0,-20.2,0
16.0,33,2016,03,28,WA,5,1159,35.8,-19.8,35.0,-19.0,0
16.2,38,2016,03,29,WA,5,1159,35.3,-19.1,35.0,-18.8,0
16.2,44,2016,03,30,WA,5,1159,37.2,-21.0,36.0,-19.8,0
15.8,48,2016,03,31,WA,5,1159,37.9,-22.1,39.5,-23.7,0
15.2,51,2016,04,01,WA,5,1159,38.1,-22.9,37.5,-22.3,0
14.5,49,2016,04,02,WA,5,1159,36.0,-21.5,34.0,-19.5,0
13.6,47,2016,04,03,WA,5,1159,36.3,-22.7,35.5,-21.9,0
13.0,37,2016,04,04,WA,5,1159,34.5,-21.5,35.0,-22.0,0
13.0,36,2016,04,05,WA,5,1159,35.0,-22.0,35.5,-22.5,0
13.2,46,2016,04,06,WA,5,1159,36.7,-23.5,36.5,-23.3,0
12.9,52,2016,04,07,WA,5,1159,37.4,-24.5,36.5,-23.6,0
12.1,57,2016,04,08,WA,5,1159,38.8,-26.7,36.5,-24.4,0
10.5,46,2016,04,09,WA,5,1159,39.1,-28.6,37.0,-26.5,0
9.8,47,2016,04,10,WA,5,1159,38.3,-28.5,38.0,-28.2,0
9.1,51,2016,04,11,WA,5,1159,37.1,-28.0,34.5,-25.4,0
8.3,45,2016,04,12,WA,5,1159,35.2,-26.9,34.0,-25.7,0
7.6,39,2016,04,13,WA,5,1159,35.1,-27.5,34.5,-26.9,0
7.1,36,2016,04,14,WA,5,1159,36.2,-29.1,36.0,-28.9,0
7.1,40,2016,04,15,WA,5,1159,36.5,-29.4,36.0,-28.9,0
6.7,44,2016,04,16,WA,5,1159,38.8,-32.1,38.0,-31.3,0
5.8,50,2016,04,17,WA,5,1159,39.9,-34.1,39.0,-33.2,0
4.4,58,2016,04,18,WA,5,1159,40.4,-36.0,38.5,-34.1,0
2.7,60,2016,04,19,WA,5,1159,41.4,-38.7,39.5,-36.8,0
1.3,62,2016,04,20,WA,5,1159,42.8,-41.5,41.0,-39.7,0
0.2,59,2016,04,21,WA,5,1159,42.3,-42.1,42.5,-42.3,0
4.0,15,2017,01,01,WA,5,1159,24.5,-20.5,23.0,-19.0,0
4.5,8,2017,01,02,WA,5,1159,23.9,-19.4,25.0,-20.5,0
4.2,0,2017,01,03,WA,5,1159,24.9,-20.7,25.0,-20.8,0
4.2,6,2017,01,04,WA,5,1159,25.5,-21.3,27.0,-22.8,0
4.3,14,2017,01,05,WA,5,1159,27.5,-23.2,28.0,-23.7,0
4.3,9,2017,01,06,WA,5,1159,28.5,-24.2,29.0,-24.7,0
4.3,13,2017,01,07,WA,5,1159,28.0,-23.7,29.0,-24.7,0
4.5,18,2017,01,08,WA,5,1159,26.4,-21.9,28.0,-23.5,0
5.0,21,2017,01,09,WA,5,1159,26.4,-21.4,28.0,-23.0,0
4.9,5,2017,01,10,WA,5,1159,22.3,-17.4,23.0,-18.1,0
4.6,3,2017,01,11,WA,5,1159,21.6,-17.0,24.0,-19.4,0
4.7,11,2017,01,12,WA,5,1159,24.3,-19.6,25.0,-20.3,0
4.7,11,2017,01,13,WA,5,1159,25.5,-20.8,31.0,-26.3,0
4.8,15,2017,01,14,WA,5,1159,25.6,-20.8,27.0,-22.2,0
4.9,23,2017,01,15,WA,5,1159,27.5,-22.6,30.0,-25.1,0
5.0,23,2017,01,16,WA,5,1159,29.5,-24.5,29.0,-24.0,0
5.1,24,2017,01,17,WA,5,1159,29.5,-24.4,30.0,-24.9,0
5.5,30,2017,01,18,WA,5,1159,28.5,-23.0,30.0,-24.5,0
6.4,31,2017,01,19,WA,5,1159,28.9,-22.5,30.0,-23.6,0
6.4,29,2017,01,20,WA,5,1159,29.7,-23.3,28.0,-21.6,0
6.3,29,2017,01,21,WA,5,1159,29.4,-23.1,29.0,-22.7,0
6.4,30,2017,01,22,WA,5,1159,28.2,-21.8,29.0,-22.6,0
6.6,30,2017,01,23,WA,5,1159,28.6,-22.0,30.0,-23.4,0
6.5,27,2017,01,24,WA,5,1159,30.5,-24.0,30.0,-23.5,0
6.5,25,2017,01,25,WA,5,1159,31.5,-25.0,29.0,-22.5,0
6.4,26,2017,01,26,WA,5,1159,31.3,-24.9,30.0,-23.6,0
6.4,25,2017,01,27,WA,5,1159,29.7,-23.3,27.0,-20.6,0
6.4,24,2017,01,28,WA,5,1159,29.0,-22.6,29.0,-22.6,0
6.5,25,2017,01,29,WA,5,1159,29.5,-23.0,28.0,-21.5,0
6.4,23,2017,01,30,WA,5,1159,27.2,-20.8,28.0,-21.6,0
6.4,15,2017,01,31,WA,5,1159,26.2,-19.8,30.0,-23.6,0
6.4,13,2017,02,01,WA,5,1159,26.4,-20.0,29.0,-22.6,0
6.4,13,2017,02,02,WA,5,1159,25.8,-19.4,27.0,-20.6,0
6.4,15,2017,02,03,WA,5,1159,24.2,-17.8,25.0,-18.6,0
6.5,23,2017,02,04,WA,5,1159,24.3,-17.8,29.0,-22.5,0
6.8,23,2017,02,05,WA,5,1159,25.1,-18.3,31.0,-24.2,0
7.0,18,2017,02,06,WA,5,1159,24.6,-17.6,29.0,-22.0,0
7.0,14,2017,02,07,WA,5,1159,25.0,-18.0,29.0,-22.0,0
6.9,17,2017,02,08,WA,5,1159,23.4,-16.5,26.0,-19.1,0
7.5,32,2017,02,09,WA,5,1159,24.0,-16.5,25.0,-17.5,0
8.1,31,2017,02,10,WA,5,1159,25.4,-17.3,29.0,-20.9,0
7.9,27,2017,02,11,WA,5,1159,25.9,-18.0,30.0,-22.1,0
7.9,27,2017,02,12,WA,5,1159,27.8,-19.9,32.0,-24.1,0
7.9,38,2017,02,13,WA,5,1159,28.8,-20.9,31.0,-23.1,0
8.0,39,2017,02,14,WA,5,1159,28.3,-20.3,30.0,-22.0,0
8.0,35,2017,02,15,WA,5,1159,29.2,-21.2,29.0,-21.0,0
8.3,37,2017,02,16,WA,5,1159,29.1,-20.8,27.0,-18.7,0
8.4,32,2017,02,17,WA,5,1159,27.1,-18.7,28.0,-19.6,0
8.2,31,2017,02,18,WA,5,1159,24.7,-16.5,26.0,-17.8,0
8.6,29,2017,02,19,WA,5,1159,24.2,-15.6,25.0,-16.4,0
8.7,30,2017,02,20,WA,5,1159,24.5,-15.8,26.0,-17.3,0
8.9,29,2017,02,21,WA,5,1159,25.1,-16.2,28.0,-19.1,0
8.8,23,2017,02,22,WA,5,1159,24.8,-16.0,28.0,-19.2,0
8.8,22,2017,02,23,WA,5,1159,23.6,-14.8,26.0,-17.2,0
8.8,22,2017,02,24,WA,5,1159,23.5,-14.7,25.0,-16.2,0
8.8,21,2017,02,25,WA,5,1159,23.2,-14.4,26.0,-17.2,0
8.8,20,2017,02,26,WA,5,1159,24.0,-15.2,26.0,-17.2,0
8.7,18,2017,02,27,WA,5,1159,26.0,-17.3,25.0,-16.3,0
8.8,18,2017,02,28,WA,5,1159,27.2,-18.4,26.0,-17.2,0
8.9,29,2017,03,01,WA,5,1159,26.6,-17.7,28.0,-19.1,0
9.0,31,2017,03,02,WA,5,1159,27.9,-18.9,29.0,-20.0,0
9.0,31,2017,03,03,WA,5,1159,28.7,-19.7,27.0,-18.0,0
9.3,27,2017,03,04,WA,5,1159,30.3,-21.0,30.0,-20.7,0
9.2,22,2017,03,05,WA,5,1159,31.5,-22.3,34.0,-24.8,0
9.3,23,2017,03,06,WA,5,1159,30.6,-21.3,29.0,-19.7,0
9.3,22,2017,03,07,WA,5,1159,29.8,-20.5,29.0,-19.7,0
9.6,26,2017,03,08,WA,5,1159,30.2,-20.6,30.0,-20.4,0
9.6,27,2017,03,09,WA,5,1159,32.3,-22.7,30.0,-20.4,0
9.9,36,2017,03,10,WA,5,1159,33.9,-24.0,34.0,-24.1,0
9.9,35,2017,03,11,WA,5,1159,32.8,-22.9,31.0,-21.1,0
9.9,35,2017,03,12,WA,5,1159,34.0,-24.1,35.0,-25.1,0
10.0,37,2017,03,13,WA,5,1159,34.2,-24.2,36.0,-26.0,0
10.0,39,2017,03,14,WA,5,1159,33.1,-23.1,35.0,-25.0,0
9.7,40,2017,03,15,WA,5,1159,32.6,-22.9,33.0,-23.3,0
9.4,34,2017,03,16,WA,5,1159,33.3,-23.9,34.0,-24.6,0
9.4,31,2017,03,17,WA,5,1159,33.2,-23.8,31.0,-21.6,0
9.4,37,2017,03,18,WA,5,1159,34.4,-25.0,36.0,-26.6,0
9.3,28,2017,03,19,WA,5,1159,34.2,-24.9,35.0,-25.7,0
9.3,32,2017,03,20,WA,5,1159,35.0,-25.7,34.0,-24.7,0
9.1,34,2017,03,21,WA,5,1159,34.5,-25.4,34.0,-24.9,0
9.2,35,2017,03,22,WA,5,1159,33.3,-24.1,35.0,-25.8,0
9.1,34,2017,03,23,WA,5,1159,32.4,-23.3,33.0,-23.9,0
8.9,32,2017,03,24,WA,5,1159,32.5,-23.6,32.0,-23.1,0
9.5,33,2017,03,25,WA,5,1159,33.4,-23.9,33.0,-23.5,0
9.6,32,2017,03,26,WA,5,1159,35.2,-25.6,36.0,-26.4,0
9.8,36,2017,03,27,WA,5,1159,36.4,-26.6,36.0,-26.2,0
10.0,35,2017,03,28,WA,5,1159,35.8,-25.8,35.0,-25.0,0
9.9,35,2017,03,29,WA,5,1159,35.3,-25.4,35.0,-25.1,0
10.1,34,2017,03,30,WA,5,1159,37.2,-27.1,36.0,-25.9,0
10.0,40,2017,03,31,WA,5,1159,37.9,-27.9,39.5,-29.5,0
10.1,40,2017,04,01,WA,5,1159,38.1,-28.0,37.5,-27.4,0
10.0,32,2017,04,02,WA,5,1159,36.0,-26.0,34.0,-24.0,0
10.1,31,2017,04,03,WA,5,1159,36.3,-26.2,35.5,-25.4,0
10.2,35,2017,04,04,WA,5,1159,34.5,-24.3,35.0,-24.8,0
10.1,37,2017,04,05,WA,5,1159,35.0,-24.9,35.5,-25.4,0
10.1,38,2017,04,06,WA,5,1159,36.7,-26.6,36.5,-26.4,0
9.9,37,2017,04,07,WA,5,1159,37.4,-27.5,36.5,-26.6,0
9.8,34,2017,04,08,WA,5,1159,38.8,-29.0,36.5,-26.7,0
9.8,32,2017,04,09,WA,5,1159,39.1,-29.3,37.0,-27.2,0
9.9,30,2017,04,10,WA,5,1159,38.3,-28.4,38.0,-28.1,0
10.0,32,2017,04,11,WA,5,1159,37.1,-27.1,34.5,-24.5,0
10.2,34,2017,04,12,WA,5,1159,35.2,-25.0,34.0,-23.8,0
11.2,34,2017,04,13,WA,5,1159,35.1,-23.9,34.5,-23.3,0
11.6,33,2017,04,14,WA,5,1159,36.2,-24.6,36.0,-24.4,0
11.6,34,2017,04,15,WA,5,1159,36.5,-24.9,36.0,-24.4,0
11.6,38,2017,04,16,WA,5,1159,38.8,-27.2,38.0,-26.4,0
11.7,40,2017,04,17,WA,5,1159,39.9,-28.2,39.0,-27.3,0
11.6,39,2017,04,18,WA,5,1159,40.4,-28.8,38.5,-26.9,0
11.6,39,2017,04,19,WA,5,1159,41.4,-29.8,39.5,-27.9,0
11.6,37,2017,04,20,WA,5,1159,42.8,-31.2,41.0,-29.4,0
11.5,40,2017,04,21,WA,5,1159,42.3,-30.8,42.5,-31.0,0
11.4,41,2017,04,22,WA,5,1159,40.2,-28.8,38.0,-26.6,0
11.1,41,2017,04,23,WA,5,1159,42.3,-31.2,41.0,-29.9,0
10.8,36,2017,04,24,WA,5,1159,42.1,-31.3,42.0,-31.2,0
10.9,39,2017,04,25,WA,5,1159,41.6,-30.7,41.0,-30.1,0
10.7,38,2017,04,26,WA,5,1159,41.8,-31.1,39.0,-28.3,0
10.5,35,2017,04,27,WA,5,1159,41.0,-30.5,38.5,-28.0,0
10.5,38,2017,04,28,WA,5,1159,40.3,-29.8,41.5,-31.0,0
10.2,40,2017,04,29,WA,5,1159,42.5,-32.3,42.5,-32.3,0
9.5,40,2017,04,30,WA,5,1159,42.1,-32.6,40.0,-30.5,0
9.1,35,2017,05,01,WA,5,1159,42.7,-33.6,43.0,-33.9,0
9.0,41,2017,05,02,WA,5,1159,44.4,-35.4,43.0,-34.0,0
8.8,47,2017,05,03,WA,5,1159,43.8,-35.0,45.5,-36.7,0
7.5,56,2017,05,04,WA,5,1159,47.6,-40.1,52.0,-44.5,0
5.0,50,2017,05,05,WA,5,1159,44.5,-39.5,46.0,-41.0,0
2.9,40,2017,05,06,WA,5,1159,44.5,-41.6,41.5,-38.6,0
2.2,41,2017,05,07,WA,5,1159,44.0,-41.8,41.0,-38.8,0
1.4,46,2017,05,08,WA,5,1159,47.8,-46.4,49.5,-48.1,0
0.7,47,2017,05,09,WA,5,1159,46.7,-46.0,47.0,-46.3,0
0.1,54,2017,05,10,WA,5,1159,51.5,-51.4,51.5,-51.4,0
0.7,42,2017,05,17,WA,5,1159,41.0,-40.3,41.0,-40.3,0
4.3,28,2018,01,01,WA,5,1159,24.5,-20.2,23.0,-18.7,0
4.3,34,2018,01,02,WA,5,1159,23.9,-19.6,25.0,-20.7,0
4.5,33,2018,01,03,WA,5,1159,24.9,-20.4,25.0,-20.5,0
4.5,33,2018,01,04,WA,5,1159,25.5,-21.0,27.0,-22.5,0
4.7,32,2018,01,05,WA,5,1159,27.5,-22.8,28.0,-23.3,0
4.8,33,2018,01,06,WA,5,1159,28.5,-23.7,29.0,-24.2,0
4.8,29,2018,01,07,WA,5,1159,28.0,-23.2,29.0,-24.2,0
4.8,31,2018,01,08,WA,5,1159,26.4,-21.6,28.0,-23.2,0
5.1,31,2018,01,09,WA,5,1159,26.4,-21.3,28.0,-22.9,0
5.2,26,2018,01,10,WA,5,1159,22.3,-17.1,23.0,-17.8,0
5.1,24,2018,01,11,WA,5,1159,21.6,-16.5,24.0,-18.9,0
5.6,30,2018,01,12,WA,5,1159,24.3,-18.7,25.0,-19.4,0
5.8,35,2018,01,13,WA,5,1159,25.5,-19.7,31.0,-25.2,0
5.7,36,2018,01,14,WA,5,1159,25.6,-19.9,27.0,-21.3,0
5.8,37,2018,01,15,WA,5,1159,27.5,-21.7,30.0,-24.2,0
5.8,33,2018,01,16,WA,5,1159,29.5,-23.7,29.0,-23.2,0
5.9,31,2018,01,17,WA,5,1159,29.5,-23.6,30.0,-24.1,0
6.7,33,2018,01,18,WA,5,1159,28.5,-21.8,30.0,-23.3,0
6.6,28,2018,01,19,WA,5,1159,28.9,-22.3,30.0,-23.4,0
6.5,28,2018,01,20,WA,5,1159,29.7,-23.2,28.0,-21.5,0
6.6,28,2018,01,21,WA,5,1159,29.4,-22.8,29.0,-22.4,0
6.9,27,2018,01,22,WA,5,1159,28.2,-21.3,29.0,-22.1,0
6.8,26,2018,01,23,WA,5,1159,28.6,-21.8,30.0,-23.2,0
7.4,31,2018,01,24,WA,5,1159,30.5,-23.1,30.0,-22.6,0
8.1,27,2018,01,25,WA,5,1159,31.5,-23.4,29.0,-20.9,0
7.9,25,2018,01,26,WA,5,1159,31.3,-23.4,30.0,-22.1,0
8.0,27,2018,01,27,WA,5,1159,29.7,-21.7,27.0,-19.0,0
8.6,30,2018,01,28,WA,5,1159,29.0,-20.4,29.0,-20.4,0
9.0,35,2018,01,29,WA,5,1159,29.5,-20.5,28.0,-19.0,0
9.0,26,2018,01,30,WA,5,1159,27.2,-18.2,28.0,-19.0,0
8.8,25,2018,01,31,WA,5,1159,26.2,-17.4,30.0,-21.2,0
8.9,29,2018,02,01,WA,5,1159,26.4,-17.5,29.0,-20.1,0
9.2,33,2018,02,02,WA,5,1159,25.8,-16.6,27.0,-17.8,0
9.3,36,2018,02,03,WA,5,1159,24.2,-14.9,25.0,-15.7,0
9.3,35,2018,02,04,WA,5,1159,24.3,-15.0,29.0,-19.7,0
9.5,33,2018,02,05,WA,5,1159,25.1,-15.6,31.0,-21.5,0
9.5,32,2018,02,06,WA,5,1159,24.6,-15.1,29.0,-19.5,0
9.6,40,2018,02,07,WA,5,1159,25.0,-15.4,29.0,-19.4,0
9.7,37,2018,02,08,WA,5,1159,23.4,-13.7,26.0,-16.3,0
9.5,17,2018,02,09,WA,5,1159,24.0,-14.5,25.0,-15.5,0
9.5,18,2018,02,10,WA,5,1159,25.4,-15.9,29.0,-19.5,0
9.5,21,2018,02,11,WA,5,1159,25.9,-16.4,30.0,-20.5,0
9.5,18,2018,02,12,WA,5,1159,27.8,-18.3,32.0,-22.5,0
9.5,23,2018,02,13,WA,5,1159,28.8,-19.3,31.0,-21.5,0
9.5,25,2018,02,14,WA,5,1159,28.3,-18.8,30.0,-20.5,0
9.5,22,2018,02,15,WA,5,1159,29.2,-19.7,29.0,-19.5,0
9.5,25,2018,02,16,WA,5,1159,29.1,-19.6,27.0,-17.5,0
9.5,23,2018,02,17,WA,5,1159,27.1,-17.6,28.0,-18.5,0
9.7,13,2018,02,18,WA,5,1159,24.7,-15.0,26.0,-16.3,0
10.2,7,2018,02,19,WA,5,1159,24.2,-14.0,25.0,-14.8,0
10.0,7,2018,02,20,WA,5,1159,24.5,-14.5,26.0,-16.0,0
10.0,7,2018,02,21,WA,5,1159,25.1,-15.1,28.0,-18.0,0
10.2,10,2018,02,22,WA,5,1159,24.8,-14.6,28.0,-17.8,0
10.2,13,2018,02,23,WA,5,1159,23.6,-13.4,26.0,-15.8,0
10.6,19,2018,02,24,WA,5,1159,23.5,-12.9,25.0,-14.4,0
10.8,23,2018,02,25,WA,5,1159,23.2,-12.4,26.0,-15.2,0
10.9,22,2018,02,26,WA,5,1159,24.0,-13.1,26.0,-15.1,0
10.9,25,2018,02,27,WA,5,1159,26.0,-15.1,25.0,-14.1,0
11.1,25,2018,02,28,WA,5,1159,27.2,-16.1,26.0,-14.9,0
11.4,28,2018,03,01,WA,5,1159,26.6,-15.2,28.0,-16.6,0
13.1,28,2018,03,02,WA,5,1159,27.9,-14.8,29.0,-15.9,0
13.6,26,2018,03,03,WA,5,1159,28.7,-15.1,27.0,-13.4,0
13.6,25,2018,03,04,WA,5,1159,30.3,-16.7,30.0,-16.4,0
13.5,26,2018,03,05,WA,5,1159,31.5,-18.0,34.0,-20.5,0
13.6,26,2018,03,06,WA,5,1159,30.6,-17.0,29.0,-15.4,0
13.6,27,2018,03,07,WA,5,1159,29.8,-16.2,29.0,-15.4,0
13.7,32,2018,03,08,WA,5,1159,30.2,-16.5,30.0,-16.3,0
14.1,29,2018,03,09,WA,5,1159,32.3,-18.2,30.0,-15.9,0
13.8,28,2018,03,10,WA,5,1159,33.9,-20.1,34.0,-20.2,0
13.9,36,2018,03,11,WA,5,1159,32.8,-18.9,31.0,-17.1,0
14.0,40,2018,03,12,WA,5,1159,34.0,-20.0,35.0,-21.0,0
14.0,42,2018,03,13,WA,5,1159,34.2,-20.2,36.0,-22.0,0
14.0,35,2018,03,14,WA,5,1159,33.1,-19.1,35.0,-21.0,0
14.2,33,2018,03,15,WA,5,1159,32.6,-18.4,33.0,-18.8,0
14.3,34,2018,03,16,WA,5,1159,33.3,-19.0,34.0,-19.7,0
14.4,35,2018,03,17,WA,5,1159,33.2,-18.8,31.0,-16.6,0
14.5,36,2018,03,18,WA,5,1159,34.4,-19.9,36.0,-21.5,0
14.5,35,2018,03,19,WA,5,1159,34.2,-19.7,35.0,-20.5,0
14.4,34,2018,03,20,WA,5,1159,35.0,-20.6,34.0,-19.6,0
14.5,36,2018,03,21,WA,5,1159,34.5,-20.0,34.0,-19.5,0
14.5,35,2018,03,22,WA,5,1159,33.3,-18.8,35.0,-20.5,0
14.8,26,2018,03,23,WA,5,1159,32.4,-17.6,33.0,-18.2,0
14.8,26,2018,03,24,WA,5,1159,32.5,-17.7,32.0,-17.2,0
15.2,28,2018,03,25,WA,5,1159,33.4,-18.2,33.0,-17.8,0
15.1,30,2018,03,26,WA,5,1159,35.2,-20.1,36.0,-20.9,0
15.2,36,2018,03,27,WA,5,1159,36.4,-21.2,36.0,-20.8,0
15.1,34,2018,03,28,WA,5,1159,35.8,-20.7,35.0,-19.9,0
15.0,35,2018,03,29,WA,5,1159,35.3,-20.3,35.0,-20.0,0
15.1,37,2018,03,30,WA,5,1159,37.2,-22.1,36.0,-20.9,0
14.9,30,2018,03,31,WA,5,1159,37.9,-23.0,39.5,-24.6,0
15.1,33,2018,04,01,WA,5,1159,38.1,-23.0,37.5,-22.4,0
15.2,26,2018,04,02,WA,5,1159,36.0,-20.8,34.0,-18.8,0
14.9,28,2018,04,03,WA,5,1159,36.3,-21.4,35.5,-20.6,0
14.9,32,2018,04,04,WA,5,1159,34.5,-19.6,35.0,-20.1,0
14.8,34,2018,04,05,WA,5,1159,35.0,-20.2,35.5,-20.7,0
15.3,36,2018,04,06,WA,5,1159,36.7,-21.4,36.5,-21.2,0
15.3,35,2018,04,07,WA,5,1159,37.4,-22.1,36.5,-21.2,0
15.9,37,2018,04,08,WA,5,1159,38.8,-22.9,36.5,-20.6,0
15.9,40,2018,04,09,WA,5,1159,39.1,-23.2,37.0,-21.1,0
16.1,38,2018,04,10,WA,5,1159,38.3,-22.2,38.0,-21.9,0
16.1,37,2018,04,11,WA,5,1159,37.1,-21.0,34.5,-18.4,0
15.9,34,2018,04,12,WA,5,1159,35.2,-19.3,34.0,-18.1,0
15.9,33,2018,04,13,WA,5,1159,35.1,-19.2,34.5,-18.6,0
16.2,38,2018,04,14,WA,5,1159,36.2,-20.0,36.0,-19.8,0
16.2,36,2018,04,15,WA,5,1159,36.5,-20.3,36.0,-19.8,0
16.4,33,2018,04,16,WA,5,1159,38.8,-22.4,38.0,-21.6,0
16.3,33,2018,04,17,WA,5,1159,39.9,-23.6,39.0,-22.7,0
16.3,34,2018,04,18,WA,5,1159,40.4,-24.1,38.5,-22.2,0
16.6,40,2018,04,19,WA,5,1159,41.4,-24.8,39.5,-22.9,0
16.3,44,2018,04,20,WA,5,1159,42.8,-26.5,41.0,-24.7,0
15.7,39,2018,04,21,WA,5,1159,42.3,-26.6,42.5,-26.8,0
15.4,36,2018,04,22,WA,5,1159,40.2,-24.8,38.0,-22.6,0
15.4,42,2018,04,23,WA,5,1159,42.3,-26.9,41.0,-25.6,0
14.9,49,2018,04,24,WA,5,1159,42.1,-27.2,42.0,-27.1,0
14.3,49,2018,04,25,WA,5,1159,41.6,-27.3,41.0,-26.7,0
13.5,54,2018,04,26,WA,5,1159,41.8,-28.3,39.0,-25.5,0
12.7,58,2018,04,27,WA,5,1159,41.0,-28.3,38.5,-25.8,0
11.5,45,2018,04,28,WA,5,1159,40.3,-28.8,41.5,-30.0,0
10.9,40,2018,04,29,WA,5,1159,42.5,-31.6,42.5,-31.6,0
10.6,41,2018,04,30,WA,5,1159,42.1,-31.5,40.0,-29.4,0
10.3,43,2018,05,01,WA,5,1159,42.7,-32.4,43.0,-32.7,0
9.7,50,2018,05,02,WA,5,1159,44.4,-34.7,43.0,-33.3,0
8.8,55,2018,05,03,WA,5,1159,43.8,-35.0,45.5,-36.7,0
7.5,53,2018,05,04,WA,5,1159,47.6,-40.1,52.0,-44.5,0
6.0,51,2018,05,05,WA,5,1159,44.5,-38.5,46.0,-40.0,0
4.5,55,2018,05,06,WA,5,1159,44.5,-40.0,41.5,-37.0,0
3.2,53,2018,05,07,WA,5,1159,44.0,-40.8,41.0,-37.8,0
1.9,55,2018,05,08,WA,5,1159,47.8,-45.9,49.5,-47.6,0
0.4,49,2018,05,09,WA,5,1159,46.7,-46.3,47.0,-46.6,0
4.2,22,2019,01,01,WA,5,1159,24.5,-20.3,23.0,-18.8,0
4.2,22,2019,01,02,WA,5,1159,23.9,-19.7,25.0,-20.8,0
4.2,33,2019,01,03,WA,5,1159,24.9,-20.7,25.0,-20.8,0
4.3,33,2019,01,04,WA,5,1159,25.5,-21.2,27.0,-22.7,0
4.3,31,2019,01,05,WA,5,1159,27.5,-23.2,28.0,-23.7,0
4.4,29,2019,01,06,WA,5,1159,28.5,-24.1,29.0,-24.6,0
4.3,23,2019,01,07,WA,5,1159,28.0,-23.7,29.0,-24.7,0
4.3,20,2019,01,08,WA,5,1159,26.4,-22.1,28.0,-23.7,0
4.5,31,2019,01,09,WA,5,1159,26.4,-21.9,28.0,-23.5,0
4.9,33,2019,01,10,WA,5,1159,22.3,-17.4,23.0,-18.1,0
4.9,32,2019,01,11,WA,5,1159,21.6,-16.7,24.0,-19.1,0
4.8,33,2019,01,12,WA,5,1159,24.3,-19.5,25.0,-20.2,0
4.9,36,2019,01,13,WA,5,1159,25.5,-20.6,31.0,-26.1,0
4.8,38,2019,01,14,WA,5,1159,25.6,-20.8,27.0,-22.2,0
4.4,32,2019,01,15,WA,5,1159,27.5,-23.1,30.0,-25.6,0
4.8,29,2019,01,16,WA,5,1159,29.5,-24.7,29.0,-24.2,0
4.8,30,2019,01,17,WA,5,1159,29.5,-24.7,30.0,-25.2,0
5.0,30,2019,01,18,WA,5,1159,28.5,-23.5,30.0,-25.0,0
5.1,30,2019,01,19,WA,5,1159,28.9,-23.8,30.0,-24.9,0
5.1,26,2019,01,20,WA,5,1159,29.7,-24.6,28.0,-22.9,0
5.1,23,2019,01,21,WA,5,1159,29.4,-24.3,29.0,-23.9,0
5.0,25,2019,01,22,WA,5,1159,28.2,-23.2,29.0,-24.0,0
5.6,26,2019,01,23,WA,5,1159,28.6,-23.0,30.0,-24.4,0
5.7,30,2019,01,24,WA,5,1159,30.5,-24.8,30.0,-24.3,0
5.8,33,2019,01,25,WA,5,1159,31.5,-25.7,29.0,-23.2,0
5.7,41,2019,01,26,WA,5,1159,31.3,-25.6,30.0,-24.3,0
5.8,34,2019,01,27,WA,5,1159,29.7,-23.9,27.0,-21.2,0
5.7,26,2019,01,28,WA,5,1159,29.0,-23.3,29.0,-23.3,0
5.6,28,2019,01,29,WA,5,1159,29.5,-23.9,28.0,-22.4,0
5.6,28,2019,01,30,WA,5,1159,27.2,-21.6,28.0,-22.4,0
5.7,32,2019,01,31,WA,5,1159,26.2,-20.5,30.0,-24.3,0
5.6,35,2019,02,01,WA,5,1159,26.4,-20.8,29.0,-23.4,0
5.7,33,2019,02,02,WA,5,1159,25.8,-20.1,27.0,-21.3,0
5.6,18,2019,02,03,WA,5,1159,24.2,-18.6,25.0,-19.4,0
5.3,-2,2019,02,04,WA,5,1159,24.3,-19.0,29.0,-23.7,0
5.2,0,2019,02,05,WA,5,1159,25.1,-19.9,31.0,-25.8,0
5.2,4,2019,02,06,WA,5,1159,24.6,-19.4,29.0,-23.8,0
5.4,12,2019,02,07,WA,5,1159,25.0,-19.6,29.0,-23.6,0
5.5,13,2019,02,08,WA,5,1159,23.4,-17.9,26.0,-20.5,0
5.8,8,2019,02,09,WA,5,1159,24.0,-18.2,25.0,-19.2,0
5.9,6,2019,02,10,WA,5,1159,25.4,-19.5,29.0,-23.1,0
6.0,10,2019,02,11,WA,5,1159,25.9,-19.9,30.0,-24.0,0
6.3,18,2019,02,12,WA,5,1159,27.8,-21.5,32.0,-25.7,0
6.5,20,2019,02,13,WA,5,1159,28.8,-22.3,31.0,-24.5,0
6.5,20,2019,02,14,WA,5,1159,28.3,-21.8,30.0,-23.5,0
7.0,27,2019,02,15,WA,5,1159,29.2,-22.2,29.0,-22.0,0
7.1,26,2019,02,16,WA,5,1159,29.1,-22.0,27.0,-19.9,0
7.1,20,2019,02,17,WA,5,1159,27.1,-20.0,28.0,-20.9,0
7.0,15,2019,02,18,WA,5,1159,24.7,-17.7,26.0,-19.0,0
7.0,21,2019,02,19,WA,5,1159,24.2,-17.2,25.0,-18.0,0
7.2,20,2019,02,20,WA,5,1159,24.5,-17.3,26.0,-18.8,0
7.2,20,2019,02,21,WA,5,1159,25.1,-17.9,28.0,-20.8,0
7.2,19,2019,02,22,WA,5,1159,24.8,-17.6,28.0,-20.8,0
7.3,21,2019,02,23,WA,5,1159,23.6,-16.3,26.0,-18.7,0
7.3,20,2019,02,24,WA,5,1159,23.5,-16.2,25.0,-17.7,0
7.3,16,2019,02,25,WA,5,1159,23.2,-15.9,26.0,-18.7,0
7.3,11,2019,02,26,WA,5,1159,24.0,-16.7,26.0,-18.7,0
7.4,18,2019,02,27,WA,5,1159,26.0,-18.6,25.0,-17.6,0
7.8,22,2019,02,28,WA,5,1159,27.2,-19.4,26.0,-18.2,0
7.8,21,2019,03,01,WA,5,1159,26.6,-18.8,28.0,-20.2,0
7.8,16,2019,03,02,WA,5,1159,27.9,-20.1,29.0,-21.2,0
7.8,11,2019,03,03,WA,5,1159,28.7,-20.9,27.0,-19.2,0
7.7,15,2019,03,04,WA,5,1159,30.3,-22.6,30.0,-22.3,0
7.8,22,2019,03,05,WA,5,1159,31.5,-23.7,34.0,-26.2,0
8.0,26,2019,03,06,WA,5,1159,30.6,-22.6,29.0,-21.0,0
8.4,25,2019,03,07,WA,5,1159,29.8,-21.4,29.0,-20.6,0
8.6,21,2019,03,08,WA,5,1159,30.2,-21.6,30.0,-21.4,0
8.7,22,2019,03,09,WA,5,1159,32.3,-23.6,30.0,-21.3,0
8.7,25,2019,03,10,WA,5,1159,33.9,-25.2,34.0,-25.3,0
8.7,25,2019,03,11,WA,5,1159,32.8,-24.1,31.0,-22.3,0
8.7,26,2019,03,12,WA,5,1159,34.0,-25.3,35.0,-26.3,0
8.9,26,2019,03,13,WA,5,1159,34.2,-25.3,36.0,-27.1,0
8.9,30,2019,03,14,WA,5,1159,33.1,-24.2,35.0,-26.1,0
8.9,35,2019,03,15,WA,5,1159,32.6,-23.7,33.0,-24.1,0
8.9,37,2019,03,16,WA,5,1159,33.3,-24.4,34.0,-25.1,0
8.8,42,2019,03,17,WA,5,1159,33.2,-24.4,31.0,-22.2,0
8.9,44,2019,03,18,WA,5,1159,34.4,-25.5,36.0,-27.1,0
8.8,49,2019,03,19,WA,5,1159,34.2,-25.4,35.0,-26.2,0
8.6,50,2019,03,20,WA,5,1159,35.0,-26.4,34.0,-25.4,0
8.4,52,2019,03,21,WA,5,1159,34.5,-26.1,34.0,-25.6,0
8.1,47,2019,03,22,WA,5,1159,33.3,-25.2,35.0,-26.9,0
7.7,41,2019,03,23,WA,5,1159,32.4,-24.7,33.0,-25.3,0
7.6,40,2019,03,24,WA,5,1159,32.5,-24.9,32.0,-24.4,0
7.4,37,2019,03,25,WA,5,1159,33.4,-26.0,33.0,-25.6,0
7.4,36,2019,03,26,WA,5,1159,35.2,-27.8,36.0,-28.6,0
7.4,36,2019,03,27,WA,5,1159,36.4,-29.0,36.0,-28.6,0
7.4,37,2019,03,28,WA,5,1159,35.8,-28.4,35.0,-27.6,0
7.4,40,2019,03,29,WA,5,1159,35.3,-27.9,35.0,-27.6,0
7.4,43,2019,03,30,WA,5,1159,37.2,-29.8,36.0,-28.6,0
7.3,41,2019,03,31,WA,5,1159,37.9,-30.6,39.5,-32.2,0
7.3,42,2019,04,01,WA,5,1159,38.1,-30.8,37.5,-30.2,0
7.2,43,2019,04,02,WA,5,1159,36.0,-28.8,34.0,-26.8,0
6.8,40,2019,04,03,WA,5,1159,36.3,-29.5,35.5,-28.7,0
6.9,40,2019,04,04,WA,5,1159,34.5,-27.6,35.0,-28.1,0
6.3,37,2019,04,05,WA,5,1159,35.0,-28.7,35.5,-29.2,0
6.4,33,2019,04,06,WA,5,1159,36.7,-30.3,36.5,-30.1,0
6.5,36,2019,04,07,WA,5,1159,37.4,-30.9,36.5,-30.0,0
6.6,36,2019,04,08,WA,5,1159,38.8,-32.2,36.5,-29.9,0
6.5,37,2019,04,09,WA,5,1159,39.1,-32.6,37.0,-30.5,0
6.6,34,2019,04,10,WA,5,1159,38.3,-31.7,38.0,-31.4,0
6.9,33,2019,04,11,WA,5,1159,37.1,-30.2,34.5,-27.6,0
6.9,36,2019,04,12,WA,5,1159,35.2,-28.3,34.0,-27.1,0
6.9,35,2019,04,13,WA,5,1159,35.1,-28.2,34.5,-27.6,0
6.9,34,2019,04,14,WA,5,1159,36.2,-29.3,36.0,-29.1,0
7.0,33,2019,04,15,WA,5,1159,36.5,-29.5,36.0,-29.0,0
7.1,39,2019,04,16,WA,5,1159,38.8,-31.7,38.0,-30.9,0
6.9,45,2019,04,17,WA,5,1159,39.9,-33.0,39.0,-32.1,0
6.4,44,2019,04,18,WA,5,1159,40.4,-34.0,38.5,-32.1,0
5.1,45,2019,04,19,WA,5,1159,41.4,-36.3,39.5,-34.4,0
4.3,40,2019,04,20,WA,5,1159,42.8,-38.5,41.0,-36.7,0
3.7,45,2019,04,21,WA,5,1159,42.3,-38.6,42.5,-38.8,0
3.1,47,2019,04,22,WA,5,1159,40.2,-37.1,38.0,-34.9,0
2.2,46,2019,04,23,WA,5,1159,42.3,-40.1,41.0,-38.8,0
1.6,40,2019,04,24,WA,5,1159,42.1,-40.5,42.0,-40.4,0
0.8,43,2019,04,25,WA,5,1159,41.6,-40.8,41.0,-40.2,0
2.1,33,2020,01,01,WA,5,1159,24.5,-22.4,23.0,-20.9,0
2.1,25,2020,01,02,WA,5,1159,23.9,-21.8,25.0,-22.9,0
2.2,32,2020,01,03,WA,5,1159,24.9,-22.7,25.0,-22.8,0
2.4,31,2020,01,04,WA,5,1159,25.5,-23.1,27.0,-24.6,0
2.3,26,2020,01,05,WA,5,1159,27.5,-25.2,28.0,-25.7,0
2.2,27,2020,01,06,WA,5,1159,28.5,-26.3,29.0,-26.8,0
2.5,34,2020,01,07,WA,5,1159,28.0,-25.5,29.0,-26.5,0
2.6,25,2020,01,08,WA,5,1159,26.4,-23.8,28.0,-25.4,0
2.4,18,2020,01,09,WA,5,1159,26.4,-24.0,28.0,-25.6,0
2.4,21,2020,01,10,WA,5,1159,22.3,-19.9,23.0,-20.6,0
2.8,26,2020,01,11,WA,5,1159,21.6,-18.8,24.0,-21.2,0
2.8,22,2020,01,12,WA,5,1159,24.3,-21.5,25.0,-22.2,0
2.9,-6,2020,01,13,WA,5,1159,25.5,-22.6,31.0,-28.1,0
2.7,-5,2020,01,14,WA,5,1159,25.6,-22.9,27.0,-24.3,0
2.8,10,2020,01,15,WA,5,1159,27.5,-24.7,30.0,-27.2,0
3.4,25,2020,01,16,WA,5,1159,29.5,-26.1,29.0,-25.6,0
4.0,19,2020,01,17,WA,5,1159,29.5,-25.5,30.0,-26.0,0
4.0,23,2020,01,18,WA,5,1159,28.5,-24.5,30.0,-26.0,0
4.2,31,2020,01,19,WA,5,1159,28.9,-24.7,30.0,-25.8,0
4.4,32,2020,01,20,WA,5,1159,29.7,-25.3,28.0,-23.6,0
4.4,30,2020,01,21,WA,5,1159,29.4,-25.0,29.0,-24.6,0
4.6,30,2020,01,22,WA,5,1159,28.2,-23.6,29.0,-24.4,0
4.8,34,2020,01,23,WA,5,1159,28.6,-23.8,30.0,-25.2,0
5.1,35,2020,01,24,WA,5,1159,30.5,-25.4,30.0,-24.9,0
5.1,31,2020,01,25,WA,5,1159,31.5,-26.4,29.0,-23.9,0
5.1,31,2020,01,26,WA,5,1159,31.3,-26.2,30.0,-24.9,0
5.3,30,2020,01,27,WA,5,1159,29.7,-24.4,27.0,-21.7,0
5.4,30,2020,01,28,WA,5,1159,29.0,-23.6,29.0,-23.6,0
5.5,30,2020,01,29,WA,5,1159,29.5,-24.0,28.0,-22.5,0
5.6,29,2020,01,30,WA,5,1159,27.2,-21.6,28.0,-22.4,0
5.7,36,2020,01,31,WA,5,1159,26.2,-20.5,30.0,-24.3,0
5.7,34,2020,02,01,WA,5,1159,26.4,-20.7,29.0,-23.3,0
5.5,22,2020,02,02,WA,5,1159,25.8,-20.3,27.0,-21.5,0
5.4,17,2020,02,03,WA,5,1159,24.2,-18.8,25.0,-19.6,0
5.3,17,2020,02,04,WA,5,1159,24.3,-19.0,29.0,-23.7,0
5.3,28,2020,02,05,WA,5,1159,25.1,-19.8,31.0,-25.7,0
5.9,32,2020,02,06,WA,5,1159,24.6,-18.7,29.0,-23.1,0
6.3,29,2020,02,07,WA,5,1159,25.0,-18.7,29.0,-22.7,0
6.6,26,2020,02,08,WA,5,1159,23.4,-16.8,26.0,-19.4,0
6.5,25,2020,02,09,WA,5,1159,24.0,-17.5,25.0,-18.5,0
6.6,28,2020,02,10,WA,5,1159,25.4,-18.8,29.0,-22.4,0
6.6,31,2020,02,11,WA,5,1159,25.9,-19.3,30.0,-23.4,0
6.6,30,2020,02,12,WA,5,1159,27.8,-21.2,32.0,-25.4,0
6.6,29,2020,02,13,WA,5,1159,28.8,-22.2,31.0,-24.4,0
6.6,28,2020,02,14,WA,5,1159,28.3,-21.7,30.0,-23.4,0
6.6,30,2020,02,15,WA,5,1159,29.2,-22.6,29.0,-22.4,0
6.6,27,2020,02,16,WA,5,1159,29.1,-22.5,27.0,-20.4,0
6.6,24,2020,02,17,WA,5,1159,27.1,-20.5,28.0,-21.4,0
6.6,23,2020,02,18,WA,5,1159,24.7,-18.1,26.0,-19.4,0
6.6,25,2020,02,19,WA,5,1159,24.2,-17.6,25.0,-18.4,0
6.6,27,2020,02,20,WA,5,1159,24.5,-17.9,26.0,-19.4,0
6.5,30,2020,02,21,WA,5,1159,25.1,-18.6,28.0,-21.5,0
6.6,32,2020,02,22,WA,5,1159,24.8,-18.2,28.0,-21.4,0
6.6,29,2020,02,23,WA,5,1159,23.6,-17.0,26.0,-19.4,0
6.6,28,2020,02,24,WA,5,1159,23.5,-16.9,25.0,-18.4,0
6.6,26,2020,02,25,WA,5,1159,23.2,-16.6,26.0,-19.4,0
6.6,32,2020,02,26,WA,5,1159,24.0,-17.4,26.0,-19.4,0
6.6,36,2020,02,27,WA,5,1159,26.0,-19.4,25.0,-18.4,0
6.7,38,2020,02,28,WA,5,1159,27.2,-20.5,26.0,-19.3,0
6.8,30,2020,02,29,WA,5,1159,28.3,-21.5,30.0,-23.2,0
6.7,27,2020,03,01,WA,5,1159,26.6,-19.9,28.0,-21.3,0
6.7,34,2020,03,02,WA,5,1159,27.9,-21.2,29.0,-22.3,0
6.7,38,2020,03,03,WA,5,1159,28.7,-22.0,27.0,-20.3,0
6.6,31,2020,03,04,WA,5,1159,30.3,-23.7,30.0,-23.4,0
6.6,35,2020,03,05,WA,5,1159,31.5,-24.9,34.0,-27.4,0
6.5,35,2020,03,06,WA,5,1159,30.6,-24.1,29.0,-22.5,0
6.5,29,2020,03,07,WA,5,1159,29.8,-23.3,29.0,-22.5,0
6.9,26,2020,03,08,WA,5,1159,30.2,-23.3,30.0,-23.1,0
6.8,26,2020,03,09,WA,5,1159,32.3,-25.5,30.0,-23.2,0
6.9,31,2020,03,10,WA,5,1159,33.9,-27.0,34.0,-27.1,0
6.9,30,2020,03,11,WA,5,1159,32.8,-25.9,31.0,-24.1,0
6.8,27,2020,03,12,WA,5,1159,34.0,-27.2,35.0,-28.2,0
6.9,21,2020,03,13,WA,5,1159,34.2,-27.3,36.0,-29.1,0
7.7,13,2020,03,14,WA,5,1159,33.1,-25.4,35.0,-27.3,0
7.7,16,2020,03,15,WA,5,1159,32.6,-24.9,33.0,-25.3,0
7.9,27,2020,03,16,WA,5,1159,33.3,-25.4,34.0,-26.1,0
8.1,38,2020,03,17,WA,5,1159,33.2,-25.1,31.0,-22.9,0
8.0,36,2020,03,18,WA,5,1159,34.4,-26.4,36.0,-28.0,0
8.0,37,2020,03,19,WA,5,1159,34.2,-26.2,35.0,-27.0,0
7.9,39,2020,03,20,WA,5,1159,35.0,-27.1,34.0,-26.1,0
7.9,37,2020,03,21,WA,5,1159,34.5,-26.6,34.0,-26.1,0
7.8,37,2020,03,22,WA,5,1159,33.3,-25.5,35.0,-27.2,0
7.4,35,2020,03,23,WA,5,1159,32.4,-25.0,33.0,-25.6,0
7.4,30,2020,03,24,WA,5,1159,32.5,-25.1,32.0,-24.6,0
7.4,28,2020,03,25,WA,5,1159,33.4,-26.0,33.0,-25.6,0
7.4,31,2020,03,26,WA,5,1159,35.2,-27.8,36.0,-28.6,0
7.5,34,2020,03,27,WA,5,1159,36.4,-28.9,36.0,-28.5,0
7.5,38,2020,03,28,WA,5,1159,35.8,-28.3,35.0,-27.5,0
7.2,37,2020,03,29,WA,5,1159,35.3,-28.1,35.0,-27.8,0
7.3,33,2020,03,30,WA,5,1159,37.2,-29.9,36.0,-28.7,0
7.6,28,2020,03,31,WA,5,1159,37.9,-30.3,39.5,-31.9,0
7.8,24,2020,04,01,WA,5,1159,38.1,-30.3,37.5,-29.7,0
7.9,24,2020,04,02,WA,5,1159,36.0,-28.1,34.0,-26.1,0
8.1,26,2020,04,03,WA,5,1159,36.3,-28.2,35.5,-27.4,0
8.1,25,2020,04,04,WA,5,1159,34.5,-26.4,35.0,-26.9,0
8.2,30,2020,04,05,WA,5,1159,35.0,-26.8,35.5,-27.3,0
8.3,36,2020,04,06,WA,5,1159,36.7,-28.4,36.5,-28.2,0
8.2,39,2020,04,07,WA,5,1159,37.4,-29.2,36.5,-28.3,0
8.0,40,2020,04,08,WA,5,1159,38.8,-30.8,36.5,-28.5,0
7.9,49,2020,04,09,WA,5,1159,39.1,-31.2,37.0,-29.1,0
7.8,44,2020,04,10,WA,5,1159,38.3,-30.5,38.0,-30.2,0
7.5,31,2020,04,11,WA,5,1159,37.1,-29.6,34.5,-27.0,0
7.5,30,2020,04,12,WA,5,1159,35.2,-27.7,34.0,-26.5,0
7.4,34,2020,04,13,WA,5,1159,35.1,-27.7,34.5,-27.1,0
7.3,38,2020,04,14,WA,5,1159,36.2,-28.9,36.0,-28.7,0
7.3,38,2020,04,15,WA,5,1159,36.5,-29.2,36.0,-28.7,0
7.3,40,2020,04,16,WA,5,1159,38.8,-31.5,38.0,-30.7,0
7.1,42,2020,04,17,WA,5,1159,39.9,-32.8,39.0,-31.9,0
6.6,41,2020,04,18,WA,5,1159,40.4,-33.8,38.5,-31.9,0
6.1,45,2020,04,19,WA,5,1159,41.4,-35.3,39.5,-33.4,0
5.5,49,2020,04,20,WA,5,1159,42.8,-37.3,41.0,-35.5,0
4.8,44,2020,04,21,WA,5,1159,42.3,-37.5,42.5,-37.7,0
4.0,38,2020,04,22,WA,5,1159,40.2,-36.2,38.0,-34.0,0
3.9,40,2020,04,23,WA,5,1159,42.3,-38.4,41.0,-37.1,0
3.2,43,2020,04,24,WA,5,1159,42.1,-38.9,42.0,-38.8,0
2.6,41,2020,04,25,WA,5,1159,41.6,-39.0,41.0,-38.4,0
2.0,42,2020,04,26,WA,5,1159,41.8,-39.8,39.0,-37.0,0
1.2,43,2020,04,27,WA,5,1159,41.0,-39.8,38.5,-37.3,0
0.7,43,2020,04,28,WA,5,1159,40.3,-39.6,41.5,-40.8,0
0.2,50,2020,04,29,WA,5,1159,42.5,-42.3,42.5,-42.3,0
0.2,41,2020,05,07,WA,5,1159,44.0,-43.8,41.0,-40.8,0
4.5,31,2021,01,01,WA,5,1159,24.5,-20.0,23.0,-18.5,0
4.8,32,2021,01,02,WA,5,1159,23.9,-19.1,25.0,-20.2,0
5.1,28,2021,01,03,WA,5,1159,24.9,-19.8,25.0,-19.9,0
5.4,31,2021,01,04,WA,5,1159,25.5,-20.1,27.0,-21.6,0
6.2,28,2021,01,05,WA,5,1159,27.5,-21.3,28.0,-21.8,0
6.6,32,2021,01,06,WA,5,1159,28.5,-21.9,29.0,-22.4,0
6.7,29,2021,01,07,WA,5,1159,28.0,-21.3,29.0,-22.3,0
6.7,28,2021,01,08,WA,5,1159,26.4,-19.7,28.0,-21.3,0
6.7,27,2021,01,09,WA,5,1159,26.4,-19.7,28.0,-21.3,0
6.8,28,2021,01,10,WA,5,1159,22.3,-15.5,23.0,-16.2,0
6.8,30,2021,01,11,WA,5,1159,21.6,-14.8,24.0,-17.2,0
7.3,33,2021,01,12,WA,5,1159,24.3,-17.0,25.0,-17.7,0
8.0,31,2021,01,13,WA,5,1159,25.5,-17.5,31.0,-23.0,0
7.9,28,2021,01,14,WA,5,1159,25.6,-17.7,27.0,-19.1,0
8.0,30,2021,01,15,WA,5,1159,27.5,-19.5,30.0,-22.0,0
7.9,29,2021,01,16,WA,5,1159,29.5,-21.6,29.0,-21.1,0
7.9,31,2021,01,17,WA,5,1159,29.5,-21.6,30.0,-22.1,0
7.9,29,2021,01,18,WA,5,1159,28.5,-20.6,30.0,-22.1,0
7.8,28,2021,01,19,WA,5,1159,28.9,-21.1,30.0,-22.2,0
7.8,28,2021,01,20,WA,5,1159,29.7,-21.9,28.0,-20.2,0
7.8,22,2021,01,21,WA,5,1159,29.4,-21.6,29.0,-21.2,0
7.8,18,2021,01,22,WA,5,1159,28.2,-20.4,29.0,-21.2,0
7.7,20,2021,01,23,WA,5,1159,28.6,-20.9,30.0,-22.3,0
7.6,17,2021,01,24,WA,5,1159,30.5,-22.9,30.0,-22.4,0
7.7,21,2021,01,25,WA,5,1159,31.5,-23.8,29.0,-21.3,0
7.7,20,2021,01,26,WA,5,1159,31.3,-23.6,30.0,-22.3,0
7.7,23,2021,01,27,WA,5,1159,29.7,-22.0,27.0,-19.3,0
8.2,29,2021,01,28,WA,5,1159,29.0,-20.8,29.0,-20.8,0
8.7,29,2021,01,29,WA,5,1159,29.5,-20.8,28.0,-19.3,0
8.8,28,2021,01,30,WA,5,1159,27.2,-18.4,28.0,-19.2,0
9.1,32,2021,01,31,WA,5,1159,26.2,-17.1,30.0,-20.9,0
10.1,34,2021,02,01,WA,5,1159,26.4,-16.3,29.0,-18.9,0
10.9,31,2021,02,02,WA,5,1159,25.8,-14.9,27.0,-16.1,0
11.0,25,2021,02,03,WA,5,1159,24.2,-13.2,25.0,-14.0,0
11.0,28,2021,02,04,WA,5,1159,24.3,-13.3,29.0,-18.0,0
11.3,31,2021,02,05,WA,5,1159,25.1,-13.8,31.0,-19.7,0
11.4,29,2021,02,06,WA,5,1159,24.6,-13.2,29.0,-17.6,0
11.7,21,2021,02,07,WA,5,1159,25.0,-13.3,29.0,-17.3,0
11.8,11,2021,02,08,WA,5,1159,23.4,-11.6,26.0,-14.2,0
11.7,10,2021,02,09,WA,5,1159,24.0,-12.3,25.0,-13.3,0
11.8,6,2021,02,10,WA,5,1159,25.4,-13.6,29.0,-17.2,0
11.6,-2,2021,02,11,WA,5,1159,25.9,-14.3,30.0,-18.4,0
11.7,2,2021,02,12,WA,5,1159,27.8,-16.1,32.0,-20.3,0
11.8,9,2021,02,13,WA,5,1159,28.8,-17.0,31.0,-19.2,0
12.0,11,2021,02,14,WA,5,1159,28.3,-16.3,30.0,-18.0,0
12.1,17,2021,02,15,WA,5,1159,29.2,-17.1,29.0,-16.9,0
12.2,25,2021,02,16,WA,5,1159,29.1,-16.9,27.0,-14.8,0
12.2,20,2021,02,17,WA,5,1159,27.1,-14.9,28.0,-15.8,0
12.1,19,2021,02,18,WA,5,1159,24.7,-12.6,26.0,-13.9,0
12.4,23,2021,02,19,WA,5,1159,24.2,-11.8,25.0,-12.6,0
12.5,26,2021,02,20,WA,5,1159,24.5,-12.0,26.0,-13.5,0
12.5,32,2021,02,21,WA,5,1159,25.1,-12.6,28.0,-15.5,0
12.6,35,2021,02,22,WA,5,1159,24.8,-12.2,28.0,-15.4,0
12.5,26,2021,02,23,WA,5,1159,23.6,-11.1,26.0,-13.5,0
12.5,25,2021,02,24,WA,5,1159,23.5,-11.0,25.0,-12.5,0
12.5,26,2021,02,25,WA,5,1159,23.2,-10.7,26.0,-13.5,0
12.6,26,2021,02,26,WA,5,1159,24.0,-11.4,26.0,-13.4,0
12.6,23,2021,02,27,WA,5,1159,26.0,-13.4,25.0,-12.4,0
12.7,32,2021,02,28,WA,5,1159,27.2,-14.5,26.0,-13.3,0
12.7,34,2021,03,01,WA,5,1159,26.6,-13.9,28.0,-15.3,0
12.6,35,2021,03,02,WA,5,1159,27.9,-15.3,29.0,-16.4,0
12.6,37,2021,03,03,WA,5,1159,28.7,-16.1,27.0,-14.4,0
12.5,40,2021,03,04,WA,5,1159,30.3,-17.8,30.0,-17.5,0
12.6,39,2021,03,05,WA,5,1159,31.5,-18.9,34.0,-21.4,0
12.7,34,2021,03,06,WA,5,1159,30.6,-17.9,29.0,-16.3,0
12.7,29,2021,03,07,WA,5,1159,29.8,-17.1,29.0,-16.3,0
12.7,29,2021,03,08,WA,5,1159,30.2,-17.5,30.0,-17.3,0
12.8,30,2021,03,09,WA,5,1159,32.3,-19.5,30.0,-17.2,0
12.9,29,2021,03,10,WA,5,1159,33.9,-21.0,34.0,-21.1,0
12.9,31,2021,03,11,WA,5,1159,32.8,-19.9,31.0,-18.1,0
12.8,37,2021,03,12,WA,5,1159,34.0,-21.2,35.0,-22.2,0
12.8,40,2021,03,13,WA,5,1159,34.2,-21.4,36.0,-23.2,0
12.8,38,2021,03,14,WA,5,1159,33.1,-20.3,35.0,-22.2,0
12.8,31,2021,03,15,WA,5,1159,32.6,-19.8,33.0,-20.2,0
12.7,34,2021,03,16,WA,5,1159,33.3,-20.6,34.0,-21.3,0
12.8,39,2021,03,17,WA,5,1159,33.2,-20.4,31.0,-18.2,0
12.9,41,2021,03,18,WA,5,1159,34.4,-21.5,36.0,-23.1,0
12.7,35,2021,03,19,WA,5,1159,34.2,-21.5,35.0,-22.3,0
12.7,34,2021,03,20,WA,5,1159,35.0,-22.3,34.0,-21.3,0
12.7,30,2021,03,21,WA,5,1159,34.5,-21.8,34.0,-21.3,0
12.9,30,2021,03,22,WA,5,1159,33.3,-20.4,35.0,-22.1,0
13.1,33,2021,03,23,WA,5,1159,32.4,-19.3,33.0,-19.9,0
13.2,34,2021,03,24,WA,5,1159,32.5,-19.3,32.0,-18.8,0
13.1,33,2021,03,25,WA,5,1159,33.4,-20.3,33.0,-19.9,0
12.9,35,2021,03,26,WA,5,1159,35.2,-22.3,36.0,-23.1,0
12.8,39,2021,03,27,WA,5,1159,36.4,-23.6,36.0,-23.2,0
12.3,36,2021,03,28,WA,5,1159,35.8,-23.5,35.0,-22.7,0
12.1,24,2021,03,29,WA,5,1159,35.3,-23.2,35.0,-22.9,0
12.7,29,2021,03,30,WA,5,1159,37.2,-24.5,36.0,-23.3,0
12.7,39,2021,03,31,WA,5,1159,37.9,-25.2,39.5,-26.8,0
12.8,41,2021,04,01,WA,5,1159,38.1,-25.3,37.5,-24.7,0
12.4,40,2021,04,02,WA,5,1159,36.0,-23.6,34.0,-21.6,0
11.9,43,2021,04,03,WA,5,1159,36.3,-24.4,35.5,-23.6,0
11.6,35,2021,04,04,WA,5,1159,34.5,-22.9,35.0,-23.4,0
11.7,35,2021,04,05,WA,5,1159,35.0,-23.3,35.5,-23.8,0
11.9,43,2021,04,06,WA,5,1159,36.7,-24.8,36.5,-24.6,0
11.4,38,2021,04,07,WA,5,1159,37.4,-26.0,36.5,-25.1,0
11.5,32,2021,04,08,WA,5,1159,38.8,-27.3,36.5,-25.0,0
11.8,33,2021,04,09,WA,5,1159,39.1,-27.3,37.0,-25.2,0
11.7,28,2021,04,10,WA,5,1159,38.3,-26.6,38.0,-26.3,0
12.1,30,2021,04,11,WA,5,1159,37.1,-25.0,34.5,-22.4,0
12.4,32,2021,04,12,WA,5,1159,35.2,-22.8,34.0,-21.6,0
12.2,35,2021,04,13,WA,5,1159,35.1,-22.9,34.5,-22.3,0
11.5,44,2021,04,14,WA,5,1159,36.2,-24.7,36.0,-24.5,0
10.7,50,2021,04,15,WA,5,1159,36.5,-25.8,36.0,-25.3,0
10.3,51,2021,04,16,WA,5,1159,38.8,-28.5,38.0,-27.7,0
9.7,54,2021,04,17,WA,5,1159,39.9,-30.2,39.0,-29.3,0
8.9,52,2021,04,18,WA,5,1159,40.4,-31.5,38.5,-29.6,0
7.7,39,2021,04,19,WA,5,1159,41.4,-33.7,39.5,-31.8,0
7.4,43,2021,04,20,WA,5,1159,42.8,-35.4,41.0,-33.6,0
7.0,48,2021,04,21,WA,5,1159,42.3,-35.3,42.5,-35.5,0
6.1,42,2021,04,22,WA,5,1159,40.2,-34.1,38.0,-31.9,0
5.4,41,2021,04,23,WA,5,1159,42.3,-36.9,41.0,-35.6,0
4.9,36,2021,04,24,WA,5,1159,42.1,-37.2,42.0,-37.1,0
5.2,35,2021,04,25,WA,5,1159,41.6,-36.4,41.0,-35.8,0
5.6,38,2021,04,26,WA,5,1159,41.8,-36.2,39.0,-33.4,0
5.2,41,2021,04,27,WA,5,1159,41.0,-35.8,38.5,-33.3,0
4.7,45,2021,04,28,WA,5,1159,40.3,-35.6,41.5,-36.8,0
3.7,53,2021,04,29,WA,5,1159,42.5,-38.8,42.5,-38.8,0
2.5,52,2021,04,30,WA,5,1159,42.1,-39.6,40.0,-37.5,0
1.5,44,2021,05,01,WA,5,1159,42.7,-41.2,43.0,-41.5,0
0.9,43,2021,05,02,WA,5,1159,44.4,-43.5,43.0,-42.1,0
0.3,44,2021,05,03,WA,5,1159,43.8,-43.5,45.5,-45.2,0
