swe,temp_avg,year,month,day,state,elevation,station_id
6.3,22,2004,01,01,UT,9,853
6.3,25,2004,01,02,UT,9,853
7.0,15,2004,01,03,UT,9,853
7.4,10,2004,01,04,UT,9,853
7.4,16,2004,01,05,UT,9,853
7.4,30,2004,01,06,UT,9,853
7.4,28,2004,01,07,UT,9,853
7.4,33,2004,01,08,UT,9,853
7.4,37,2004,01,09,UT,9,853
7.4,37,2004,01,10,UT,9,853
7.4,35,2004,01,11,UT,9,853
7.4,35,2004,01,12,UT,9,853
7.4,36,2004,01,13,UT,9,853
7.4,37,2004,01,14,UT,9,853
7.4,32,2004,01,15,UT,9,853
7.4,24,2004,01,16,UT,9,853
7.4,27,2004,01,17,UT,9,853
7.4,29,2004,01,18,UT,9,853
7.4,26,2004,01,19,UT,9,853
7.4,20,2004,01,20,UT,9,853
7.4,22,2004,01,21,UT,9,853
7.4,30,2004,01,22,UT,9,853
7.4,33,2004,01,23,UT,9,853
7.4,26,2004,01,24,UT,9,853
7.4,16,2004,01,26,UT,9,853
7.4,25,2004,01,27,UT,9,853
7.4,27,2004,01,28,UT,9,853
7.4,29,2004,01,29,UT,9,853
7.4,30,2004,01,30,UT,9,853
7.4,16,2004,01,31,UT,9,853
7.4,18,2004,02,01,UT,9,853
7.4,20,2004,02,02,UT,9,853
7.5,18,2004,02,03,UT,9,853
8.1,18,2004,02,04,UT,9,853
8.5,17,2004,02,05,UT,9,853
8.8,22,2004,02,06,UT,9,853
8.8,21,2004,02,07,UT,9,853
9.1,17,2004,02,08,UT,9,853
9.1,17,2004,02,09,UT,9,853
9.1,20,2004,02,10,UT,9,853
9.1,15,2004,02,11,UT,9,853
9.1,11,2004,02,12,UT,9,853
9.1,26,2004,02,13,UT,9,853
9.1,29,2004,02,14,UT,9,853
9.1,28,2004,02,15,UT,9,853
9.1,31,2004,02,16,UT,9,853
9.1,38,2004,02,17,UT,9,853
9.1,36,2004,02,18,UT,9,853
9.2,24,2004,02,19,UT,9,853
9.4,24,2004,02,20,UT,9,853
9.4,25,2004,02,21,UT,9,853
10.2,26,2004,02,22,UT,9,853
11.6,27,2004,02,23,UT,9,853
12.3,27,2004,02,24,UT,9,853
12.5,26,2004,02,25,UT,9,853
12.5,26,2004,02,26,UT,9,853
14.4,23,2004,02,27,UT,9,853
15.4,21,2004,02,28,UT,9,853
16.0,21,2004,02,29,UT,9,853
16.0,21,2004,03,01,UT,9,853
16.1,24,2004,03,02,UT,9,853
16.4,27,2004,03,03,UT,9,853
16.4,25,2004,03,04,UT,9,853
16.5,25,2004,03,05,UT,9,853
16.5,34,2004,03,06,UT,9,853
16.5,38,2004,03,07,UT,9,853
16.5,43,2004,03,08,UT,9,853
16.1,44,2004,03,09,UT,9,853
15.8,38,2004,03,10,UT,9,853
15.4,40,2004,03,11,UT,9,853
15.2,42,2004,03,12,UT,9,853
14.8,40,2004,03,13,UT,9,853
14.5,42,2004,03,14,UT,9,853
14.1,38,2004,03,15,UT,9,853
14.0,40,2004,03,16,UT,9,853
13.7,43,2004,03,17,UT,9,853
13.2,46,2004,03,18,UT,9,853
12.7,48,2004,03,19,UT,9,853
11.9,52,2004,03,20,UT,9,853
11.2,52,2004,03,21,UT,9,853
10.3,50,2004,03,22,UT,9,853
9.4,47,2004,03,23,UT,9,853
8.9,44,2004,03,24,UT,9,853
8.3,43,2004,03,25,UT,9,853
7.8,36,2004,03,26,UT,9,853
8.0,33,2004,03,27,UT,9,853
7.9,35,2004,03,28,UT,9,853
7.6,43,2004,03,29,UT,9,853
6.9,46,2004,03,30,UT,9,853
6.2,46,2004,03,31,UT,9,853
5.6,38,2004,04,01,UT,9,853
5.5,36,2004,04,02,UT,9,853
5.6,35,2004,04,03,UT,9,853
5.6,37,2004,04,04,UT,9,853
5.3,40,2004,04,05,UT,9,853
4.7,40,2004,04,06,UT,9,853
4.3,35,2004,04,07,UT,9,853
4.3,36,2004,04,08,UT,9,853
4.3,38,2004,04,09,UT,9,853
3.6,30,2004,04,10,UT,9,853
3.5,34,2004,04,11,UT,9,853
3.1,43,2004,04,12,UT,9,853
1.8,43,2004,04,13,UT,9,853
0.9,39,2004,04,14,UT,9,853
0.5,41,2004,04,15,UT,9,853
0.2,40,2004,04,16,UT,9,853
0.1,30,2004,04,18,UT,9,853
0.6,32,2004,04,19,UT,9,853
0.4,38,2004,04,20,UT,9,853
1.2,35,2004,04,23,UT,9,853
1.1,40,2004,04,24,UT,9,853
10.6,22,2005,01,01,UT,9,853
10.7,24,2005,01,02,UT,9,853
10.8,26,2005,01,03,UT,9,853
11.2,23,2005,01,04,UT,9,853
11.7,20,2005,01,05,UT,9,853
11.7,16,2005,01,06,UT,9,853
11.8,14,2005,01,07,UT,9,853
12.1,27,2005,01,08,UT,9,853
14.6,32,2005,01,09,UT,9,853
16.1,32,2005,01,10,UT,9,853
17.4,26,2005,01,11,UT,9,853
19.4,17,2005,01,12,UT,9,853
19.7,22,2005,01,13,UT,9,853
19.8,28,2005,01,14,UT,9,853
19.8,33,2005,01,15,UT,9,853
19.8,38,2005,01,16,UT,9,853
19.8,35,2005,01,17,UT,9,853
19.8,40,2005,01,18,UT,9,853
19.8,44,2005,01,19,UT,9,853
19.9,43,2005,01,20,UT,9,853
19.9,39,2005,01,21,UT,9,853
19.9,39,2005,01,22,UT,9,853
19.9,38,2005,01,23,UT,9,853
19.9,36,2005,01,24,UT,9,853
19.9,34,2005,01,25,UT,9,853
19.9,31,2005,01,26,UT,9,853
20.7,29,2005,01,27,UT,9,853
21.0,27,2005,01,28,UT,9,853
21.1,26,2005,01,29,UT,9,853
21.3,24,2005,01,30,UT,9,853
21.4,22,2005,01,31,UT,9,853
21.4,21,2005,02,01,UT,9,853
21.4,25,2005,02,02,UT,9,853
21.4,30,2005,02,03,UT,9,853
21.4,29,2005,02,04,UT,9,853
21.4,29,2005,02,05,UT,9,853
21.4,27,2005,02,06,UT,9,853
21.4,23,2005,02,07,UT,9,853
21.8,21,2005,02,08,UT,9,853
21.8,30,2005,02,09,UT,9,853
21.8,32,2005,02,10,UT,9,853
21.8,32,2005,02,11,UT,9,853
23.1,31,2005,02,12,UT,9,853
23.3,32,2005,02,13,UT,9,853
23.3,32,2005,02,14,UT,9,853
23.3,31,2005,02,15,UT,9,853
23.4,30,2005,02,16,UT,9,853
23.4,31,2005,02,17,UT,9,853
23.5,30,2005,02,18,UT,9,853
24.7,28,2005,02,19,UT,9,853
25.7,26,2005,02,20,UT,9,853
26.0,27,2005,02,21,UT,9,853
26.6,28,2005,02,22,UT,9,853
27.3,28,2005,02,23,UT,9,853
27.5,28,2005,02,24,UT,9,853
27.5,26,2005,02,25,UT,9,853
27.7,25,2005,02,26,UT,9,853
27.7,30,2005,02,27,UT,9,853
27.7,28,2005,02,28,UT,9,853
27.7,31,2005,03,01,UT,9,853
27.8,31,2005,03,02,UT,9,853
27.9,29,2005,03,03,UT,9,853
27.9,31,2005,03,04,UT,9,853
27.9,33,2005,03,05,UT,9,853
27.9,33,2005,03,06,UT,9,853
27.9,38,2005,03,07,UT,9,853
27.8,39,2005,03,08,UT,9,853
27.7,45,2005,03,09,UT,9,853
27.5,42,2005,03,10,UT,9,853
27.3,42,2005,03,11,UT,9,853
27.2,44,2005,03,12,UT,9,853
27.1,30,2005,03,13,UT,9,853
27.0,21,2005,03,14,UT,9,853
27.1,24,2005,03,15,UT,9,853
27.3,29,2005,03,16,UT,9,853
27.3,32,2005,03,17,UT,9,853
27.3,32,2005,03,18,UT,9,853
27.3,28,2005,03,19,UT,9,853
27.6,28,2005,03,20,UT,9,853
28.7,30,2005,03,21,UT,9,853
29.0,30,2005,03,22,UT,9,853
29.7,26,2005,03,23,UT,9,853
31.5,27,2005,03,24,UT,9,853
31.9,24,2005,03,25,UT,9,853
32.5,24,2005,03,26,UT,9,853
32.5,37,2005,03,27,UT,9,853
32.5,31,2005,03,28,UT,9,853
32.4,26,2005,03,29,UT,9,853
33.1,22,2005,03,30,UT,9,853
33.4,24,2005,03,31,UT,9,853
33.4,37,2005,04,01,UT,9,853
33.3,40,2005,04,02,UT,9,853
32.9,39,2005,04,03,UT,9,853
32.7,30,2005,04,04,UT,9,853
33.1,31,2005,04,05,UT,9,853
33.0,44,2005,04,06,UT,9,853
32.6,44,2005,04,07,UT,9,853
32.3,32,2005,04,08,UT,9,853
31.7,26,2005,04,09,UT,9,853
33.2,27,2005,04,10,UT,9,853
33.2,35,2005,04,11,UT,9,853
33.3,41,2005,04,12,UT,9,853
32.7,43,2005,04,13,UT,9,853
31.9,39,2005,04,14,UT,9,853
31.1,42,2005,04,15,UT,9,853
30.9,46,2005,04,16,UT,9,853
30.1,45,2005,04,17,UT,9,853
29.2,41,2005,04,18,UT,9,853
27.8,29,2005,04,19,UT,9,853
28.0,29,2005,04,20,UT,9,853
28.0,38,2005,04,21,UT,9,853
27.5,42,2005,04,22,UT,9,853
27.0,40,2005,04,23,UT,9,853
26.5,32,2005,04,24,UT,9,853
27.7,34,2005,04,25,UT,9,853
27.9,38,2005,04,26,UT,9,853
27.8,37,2005,04,27,UT,9,853
27.8,31,2005,04,28,UT,9,853
27.9,34,2005,04,29,UT,9,853
27.9,37,2005,04,30,UT,9,853
27.7,36,2005,05,01,UT,9,853
27.5,39,2005,05,02,UT,9,853
26.8,41,2005,05,03,UT,9,853
26.3,46,2005,05,04,UT,9,853
25.1,43,2005,05,05,UT,9,853
23.9,33,2005,05,06,UT,9,853
24.5,36,2005,05,07,UT,9,853
24.7,42,2005,05,08,UT,9,853
24.0,40,2005,05,09,UT,9,853
22.8,31,2005,05,10,UT,9,853
22.4,33,2005,05,11,UT,9,853
22.2,39,2005,05,12,UT,9,853
21.6,44,2005,05,13,UT,9,853
19.8,48,2005,05,14,UT,9,853
17.8,51,2005,05,15,UT,9,853
15.7,45,2005,05,16,UT,9,853
14.3,40,2005,05,17,UT,9,853
13.6,48,2005,05,18,UT,9,853
12.0,53,2005,05,19,UT,9,853
10.0,56,2005,05,20,UT,9,853
8.1,57,2005,05,21,UT,9,853
6.5,59,2005,05,22,UT,9,853
5.0,58,2005,05,23,UT,9,853
3.3,57,2005,05,24,UT,9,853
1.9,55,2005,05,25,UT,9,853
1.0,56,2005,05,26,UT,9,853
2.7,26,2006,01,01,UT,9,853
2.8,29,2006,01,02,UT,9,853
3.8,28,2006,01,03,UT,9,853
4.1,29,2006,01,04,UT,9,853
4.1,38,2006,01,05,UT,9,853
4.1,42,2006,01,06,UT,9,853
4.1,34,2006,01,07,UT,9,853
4.1,26,2006,01,08,UT,9,853
4.1,24,2006,01,09,UT,9,853
4.1,33,2006,01,10,UT,9,853
4.1,33,2006,01,11,UT,9,853
4.1,28,2006,01,12,UT,9,853
4.1,35,2006,01,13,UT,9,853
4.1,33,2006,01,14,UT,9,853
4.1,19,2006,01,15,UT,9,853
4.3,14,2006,01,16,UT,9,853
4.3,30,2006,01,17,UT,9,853
4.4,26,2006,01,18,UT,9,853
4.5,17,2006,01,19,UT,9,853
4.6,18,2006,01,20,UT,9,853
4.6,22,2006,01,21,UT,9,853
4.6,18,2006,01,22,UT,9,853
4.6,24,2006,01,23,UT,9,853
4.7,34,2006,01,24,UT,9,853
4.8,28,2006,01,25,UT,9,853
5.7,24,2006,01,26,UT,9,853
5.7,21,2006,01,27,UT,9,853
6.0,25,2006,01,28,UT,9,853
6.1,29,2006,01,29,UT,9,853
6.1,35,2006,01,30,UT,9,853
6.2,30,2006,01,31,UT,9,853
6.3,35,2006,02,01,UT,9,853
6.4,34,2006,02,02,UT,9,853
6.5,31,2006,02,03,UT,9,853
6.5,35,2006,02,04,UT,9,853
6.5,23,2006,02,05,UT,9,853
6.5,35,2006,02,06,UT,9,853
6.5,39,2006,02,07,UT,9,853
6.4,39,2006,02,08,UT,9,853
6.4,38,2006,02,09,UT,9,853
6.4,28,2006,02,10,UT,9,853
6.4,29,2006,02,11,UT,9,853
6.4,36,2006,02,12,UT,9,853
6.3,34,2006,02,13,UT,9,853
6.3,33,2006,02,14,UT,9,853
6.2,22,2006,02,15,UT,9,853
6.3,15,2006,02,16,UT,9,853
6.4,21,2006,02,17,UT,9,853
6.4,18,2006,02,18,UT,9,853
6.4,17,2006,02,19,UT,9,853
6.6,16,2006,02,20,UT,9,853
6.7,19,2006,02,21,UT,9,853
6.7,27,2006,02,22,UT,9,853
6.9,33,2006,02,23,UT,9,853
7.0,35,2006,02,24,UT,9,853
7.0,36,2006,02,25,UT,9,853
7.0,39,2006,02,26,UT,9,853
7.0,37,2006,02,27,UT,9,853
6.8,33,2006,02,28,UT,9,853
8.0,32,2006,03,01,UT,9,853
8.0,33,2006,03,02,UT,9,853
8.0,31,2006,03,03,UT,9,853
8.0,29,2006,03,04,UT,9,853
8.0,35,2006,03,05,UT,9,853
8.0,34,2006,03,06,UT,9,853
8.1,28,2006,03,07,UT,9,853
8.2,21,2006,03,08,UT,9,853
8.8,24,2006,03,09,UT,9,853
9.5,14,2006,03,10,UT,9,853
9.9,14,2006,03,11,UT,9,853
10.9,15,2006,03,12,UT,9,853
11.2,18,2006,03,13,UT,9,853
11.2,26,2006,03,14,UT,9,853
11.3,28,2006,03,15,UT,9,853
11.4,31,2006,03,16,UT,9,853
11.5,30,2006,03,17,UT,9,853
11.5,23,2006,03,18,UT,9,853
12.0,22,2006,03,19,UT,9,853
12.6,23,2006,03,20,UT,9,853
13.0,22,2006,03,21,UT,9,853
14.4,28,2006,03,22,UT,9,853
14.5,34,2006,03,23,UT,9,853
14.4,37,2006,03,24,UT,9,853
14.2,38,2006,03,25,UT,9,853
14.1,33,2006,03,26,UT,9,853
14.2,37,2006,03,27,UT,9,853
14.2,33,2006,03,28,UT,9,853
16.9,28,2006,03,29,UT,9,853
18.3,28,2006,03,30,UT,9,853
18.3,31,2006,03,31,UT,9,853
18.6,29,2006,04,01,UT,9,853
18.6,35,2006,04,02,UT,9,853
18.6,42,2006,04,03,UT,9,853
18.2,38,2006,04,04,UT,9,853
18.0,28,2006,04,05,UT,9,853
18.4,29,2006,04,06,UT,9,853
18.6,38,2006,04,07,UT,9,853
18.2,40,2006,04,08,UT,9,853
17.6,42,2006,04,09,UT,9,853
16.9,35,2006,04,10,UT,9,853
16.3,35,2006,04,11,UT,9,853
16.0,43,2006,04,12,UT,9,853
15.2,45,2006,04,13,UT,9,853
14.3,40,2006,04,14,UT,9,853
14.7,36,2006,04,15,UT,9,853
14.6,39,2006,04,16,UT,9,853
14.0,30,2006,04,17,UT,9,853
14.1,28,2006,04,18,UT,9,853
13.9,36,2006,04,19,UT,9,853
13.2,43,2006,04,20,UT,9,853
12.3,45,2006,04,21,UT,9,853
11.8,45,2006,04,22,UT,9,853
10.5,34,2006,04,23,UT,9,853
10.2,35,2006,04,24,UT,9,853
9.8,42,2006,04,25,UT,9,853
8.8,45,2006,04,26,UT,9,853
7.5,47,2006,04,27,UT,9,853
6.6,44,2006,04,28,UT,9,853
5.0,46,2006,04,29,UT,9,853
3.7,47,2006,04,30,UT,9,853
2.4,46,2006,05,01,UT,9,853
1.5,49,2006,05,02,UT,9,853
0.1,48,2006,05,03,UT,9,853
4.0,22,2007,01,01,UT,9,853
4.0,32,2007,01,02,UT,9,853
4.0,41,2007,01,03,UT,9,853
4.0,33,2007,01,04,UT,9,853
4.0,11,2007,01,05,UT,9,853
4.6,21,2007,01,06,UT,9,853
4.7,26,2007,01,07,UT,9,853
4.8,36,2007,01,08,UT,9,853
4.8,37,2007,01,09,UT,9,853
4.8,32,2007,01,10,UT,9,853
4.8,26,2007,01,11,UT,9,853
4.8,11,2007,01,12,UT,9,853
5.3,-1,2007,01,13,UT,9,853
5.3,3,2007,01,14,UT,9,853
5.3,12,2007,01,15,UT,9,853
5.3,20,2007,01,16,UT,9,853
5.3,18,2007,01,17,UT,9,853
5.3,29,2007,01,18,UT,9,853
5.3,32,2007,01,19,UT,9,853
5.3,24,2007,01,20,UT,9,853
5.4,10,2007,01,21,UT,9,853
5.5,20,2007,01,22,UT,9,853
5.5,34,2007,01,23,UT,9,853
5.5,38,2007,01,24,UT,9,853
5.5,35,2007,01,25,UT,9,853
5.5,32,2007,01,26,UT,9,853
5.5,28,2007,01,27,UT,9,853
5.5,27,2007,01,28,UT,9,853
5.5,29,2007,01,29,UT,9,853
5.5,28,2007,01,30,UT,9,853
5.5,18,2007,01,31,UT,9,853
5.8,14,2007,02,01,UT,9,853
5.8,19,2007,02,02,UT,9,853
5.8,31,2007,02,03,UT,9,853
5.8,36,2007,02,04,UT,9,853
5.8,43,2007,02,05,UT,9,853
5.8,40,2007,02,06,UT,9,853
5.8,38,2007,02,07,UT,9,853
5.8,36,2007,02,08,UT,9,853
5.7,36,2007,02,09,UT,9,853
5.7,35,2007,02,10,UT,9,853
5.7,31,2007,02,11,UT,9,853
5.9,32,2007,02,12,UT,9,853
5.9,26,2007,02,13,UT,9,853
5.9,21,2007,02,14,UT,9,853
5.9,27,2007,02,15,UT,9,853
5.9,33,2007,02,16,UT,9,853
6.0,35,2007,02,17,UT,9,853
6.0,35,2007,02,18,UT,9,853
6.0,24,2007,02,19,UT,9,853
6.4,28,2007,02,20,UT,9,853
6.5,33,2007,02,21,UT,9,853
6.5,34,2007,02,22,UT,9,853
6.5,19,2007,02,23,UT,9,853
7.3,19,2007,02,24,UT,9,853
7.4,24,2007,02,25,UT,9,853
7.5,29,2007,02,26,UT,9,853
7.5,24,2007,02,27,UT,9,853
8.2,16,2007,02,28,UT,9,853
8.5,14,2007,03,01,UT,9,853
8.5,17,2007,03,02,UT,9,853
8.5,21,2007,03,03,UT,9,853
8.5,36,2007,03,04,UT,9,853
8.5,40,2007,03,05,UT,9,853
8.4,38,2007,03,06,UT,9,853
8.4,36,2007,03,07,UT,9,853
8.2,39,2007,03,08,UT,9,853
8.0,40,2007,03,09,UT,9,853
7.7,37,2007,03,10,UT,9,853
7.6,41,2007,03,11,UT,9,853
7.2,48,2007,03,12,UT,9,853
6.7,49,2007,03,13,UT,9,853
6.0,47,2007,03,14,UT,9,853
5.4,43,2007,03,15,UT,9,853
4.9,49,2007,03,16,UT,9,853
4.2,50,2007,03,17,UT,9,853
3.4,49,2007,03,18,UT,9,853
2.7,46,2007,03,19,UT,9,853
1.9,39,2007,03,20,UT,9,853
1.1,34,2007,03,21,UT,9,853
0.5,36,2007,03,22,UT,9,853
0.3,35,2007,03,23,UT,9,853
0.2,37,2007,03,24,UT,9,853
0.2,21,2007,03,28,UT,9,853
1.0,21,2007,03,29,UT,9,853
1.0,28,2007,03,30,UT,9,853
1.1,38,2007,03,31,UT,9,853
0.8,44,2007,04,01,UT,9,853
0.2,31,2007,04,13,UT,9,853
0.8,31,2007,04,23,UT,9,853
1.5,35,2007,04,24,UT,9,853
1.8,43,2007,04,25,UT,9,853
1.0,45,2007,04,26,UT,9,853
6.2,35,2008,01,01,UT,9,853
6.2,34,2008,01,02,UT,9,853
6.2,31,2008,01,03,UT,9,853
6.2,29,2008,01,04,UT,9,853
6.9,28,2008,01,05,UT,9,853
8.8,23,2008,01,06,UT,9,853
9.6,20,2008,01,07,UT,9,853
9.6,21,2008,01,08,UT,9,853
9.6,21,2008,01,09,UT,9,853
9.6,27,2008,01,10,UT,9,853
9.6,27,2008,01,11,UT,9,853
9.6,26,2008,01,12,UT,9,853
9.6,22,2008,01,13,UT,9,853
9.6,30,2008,01,14,UT,9,853
9.6,27,2008,01,15,UT,9,853
9.5,3,2008,01,16,UT,9,853
9.5,12,2008,01,17,UT,9,853
9.5,18,2008,01,18,UT,9,853
9.5,27,2008,01,19,UT,9,853
9.5,24,2008,01,20,UT,9,853
9.5,18,2008,01,21,UT,9,853
9.5,20,2008,01,22,UT,9,853
9.5,23,2008,01,23,UT,9,853
9.6,20,2008,01,24,UT,9,853
10.4,19,2008,01,25,UT,9,853
10.5,25,2008,01,26,UT,9,853
10.6,27,2008,01,27,UT,9,853
12.8,16,2008,01,28,UT,9,853
14.1,13,2008,01,29,UT,9,853
14.1,10,2008,01,30,UT,9,853
14.1,17,2008,01,31,UT,9,853
14.2,21,2008,02,01,UT,9,853
14.3,21,2008,02,02,UT,9,853
14.4,20,2008,02,03,UT,9,853
15.9,14,2008,02,04,UT,9,853
15.9,14,2008,02,05,UT,9,853
16.0,23,2008,02,06,UT,9,853
16.0,31,2008,02,07,UT,9,853
16.1,28,2008,02,08,UT,9,853
16.1,35,2008,02,09,UT,9,853
16.3,35,2008,02,10,UT,9,853
16.4,33,2008,02,11,UT,9,853
16.5,35,2008,02,12,UT,9,853
16.5,31,2008,02,13,UT,9,853
17.1,12,2008,02,14,UT,9,853
17.1,21,2008,02,15,UT,9,853
17.3,29,2008,02,16,UT,9,853
17.3,28,2008,02,17,UT,9,853
17.3,35,2008,02,18,UT,9,853
17.3,33,2008,02,19,UT,9,853
17.3,25,2008,02,20,UT,9,853
17.9,26,2008,02,21,UT,9,853
18.0,26,2008,02,22,UT,9,853
19.0,26,2008,02,23,UT,9,853
19.2,27,2008,02,24,UT,9,853
20.1,29,2008,02,25,UT,9,853
20.1,32,2008,02,26,UT,9,853
20.2,43,2008,02,27,UT,9,853
20.2,40,2008,02,28,UT,9,853
20.1,40,2008,02,29,UT,9,853
19.9,36,2008,03,01,UT,9,853
19.9,15,2008,03,02,UT,9,853
19.9,26,2008,03,03,UT,9,853
20.2,30,2008,03,04,UT,9,853
20.3,18,2008,03,05,UT,9,853
20.3,24,2008,03,06,UT,9,853
20.3,34,2008,03,07,UT,9,853
20.3,30,2008,03,08,UT,9,853
20.3,29,2008,03,09,UT,9,853
20.3,36,2008,03,10,UT,9,853
20.1,39,2008,03,11,UT,9,853
19.7,37,2008,03,12,UT,9,853
19.5,39,2008,03,13,UT,9,853
19.4,30,2008,03,14,UT,9,853
19.3,25,2008,03,15,UT,9,853
19.3,19,2008,03,16,UT,9,853
20.3,24,2008,03,17,UT,9,853
21.2,31,2008,03,18,UT,9,853
21.6,36,2008,03,19,UT,9,853
21.6,36,2008,03,20,UT,9,853
21.2,36,2008,03,21,UT,9,853
20.3,32,2008,03,22,UT,9,853
19.9,37,2008,03,23,UT,9,853
19.5,40,2008,03,24,UT,9,853
18.7,41,2008,03,25,UT,9,853
17.9,41,2008,03,26,UT,9,853
16.8,37,2008,03,27,UT,9,853
16.5,38,2008,03,28,UT,9,853
16.2,39,2008,03,29,UT,9,853
15.4,31,2008,03,30,UT,9,853
15.8,27,2008,03,31,UT,9,853
16.2,34,2008,04,01,UT,9,853
16.0,36,2008,04,02,UT,9,853
15.6,33,2008,04,03,UT,9,853
15.6,36,2008,04,04,UT,9,853
15.2,38,2008,04,05,UT,9,853
15.0,39,2008,04,06,UT,9,853
14.5,33,2008,04,07,UT,9,853
14.4,33,2008,04,08,UT,9,853
14.3,27,2008,04,09,UT,9,853
14.5,24,2008,04,10,UT,9,853
14.5,29,2008,04,11,UT,9,853
14.2,39,2008,04,12,UT,9,853
13.0,46,2008,04,13,UT,9,853
12.1,47,2008,04,14,UT,9,853
10.6,40,2008,04,15,UT,9,853
9.8,23,2008,04,16,UT,9,853
9.8,32,2008,04,17,UT,9,853
9.0,42,2008,04,18,UT,9,853
7.7,42,2008,04,19,UT,9,853
6.6,36,2008,04,20,UT,9,853
5.8,36,2008,04,21,UT,9,853
4.8,41,2008,04,22,UT,9,853
4.3,40,2008,04,23,UT,9,853
2.9,33,2008,04,24,UT,9,853
1.9,37,2008,04,25,UT,9,853
0.8,36,2008,04,26,UT,9,853
0.3,41,2008,05,08,UT,9,853
8.5,35,2009,01,01,UT,9,853
8.5,33,2009,01,02,UT,9,853
8.5,17,2009,01,03,UT,9,853
8.5,15,2009,01,04,UT,9,853
8.5,20,2009,01,05,UT,9,853
8.8,24,2009,01,06,UT,9,853
8.8,32,2009,01,07,UT,9,853
8.8,39,2009,01,08,UT,9,853
8.8,20,2009,01,09,UT,9,853
8.8,27,2009,01,10,UT,9,853
8.8,32,2009,01,11,UT,9,853
8.8,31,2009,01,12,UT,9,853
8.8,36,2009,01,13,UT,9,853
8.8,35,2009,01,14,UT,9,853
8.8,35,2009,01,15,UT,9,853
8.8,37,2009,01,16,UT,9,853
8.8,38,2009,01,17,UT,9,853
8.8,40,2009,01,18,UT,9,853
8.8,41,2009,01,19,UT,9,853
8.8,40,2009,01,20,UT,9,853
8.8,40,2009,01,21,UT,9,853
8.7,38,2009,01,22,UT,9,853
8.6,36,2009,01,23,UT,9,853
8.6,32,2009,01,24,UT,9,853
9.4,26,2009,01,25,UT,9,853
10.3,17,2009,01,26,UT,9,853
10.6,15,2009,01,27,UT,9,853
10.6,23,2009,01,28,UT,9,853
10.7,26,2009,01,29,UT,9,853
10.8,36,2009,01,30,UT,9,853
10.8,35,2009,01,31,UT,9,853
10.8,28,2009,02,01,UT,9,853
10.8,34,2009,02,02,UT,9,853
10.8,39,2009,02,03,UT,9,853
10.8,36,2009,02,04,UT,9,853
10.8,35,2009,02,05,UT,9,853
10.8,28,2009,02,06,UT,9,853
11.3,29,2009,02,07,UT,9,853
11.4,24,2009,02,08,UT,9,853
12.0,18,2009,02,09,UT,9,853
13.1,16,2009,02,10,UT,9,853
13.2,18,2009,02,11,UT,9,853
13.3,19,2009,02,12,UT,9,853
13.9,16,2009,02,13,UT,9,853
14.3,18,2009,02,14,UT,9,853
14.4,23,2009,02,15,UT,9,853
14.6,26,2009,02,16,UT,9,853
15.8,20,2009,02,17,UT,9,853
15.9,23,2009,02,18,UT,9,853
15.9,27,2009,02,19,UT,9,853
15.9,34,2009,02,20,UT,9,853
16.0,36,2009,02,21,UT,9,853
16.0,35,2009,02,22,UT,9,853
16.1,34,2009,02,23,UT,9,853
16.5,37,2009,02,24,UT,9,853
16.5,35,2009,02,25,UT,9,853
16.5,35,2009,02,26,UT,9,853
16.5,29,2009,02,27,UT,9,853
16.5,37,2009,02,28,UT,9,853
16.5,42,2009,03,01,UT,9,853
16.5,43,2009,03,02,UT,9,853
16.4,39,2009,03,03,UT,9,853
16.3,33,2009,03,04,UT,9,853
16.3,29,2009,03,05,UT,9,853
16.4,24,2009,03,06,UT,9,853
16.6,22,2009,03,07,UT,9,853
16.6,27,2009,03,08,UT,9,853
16.6,24,2009,03,09,UT,9,853
17.4,24,2009,03,10,UT,9,853
17.4,33,2009,03,11,UT,9,853
17.4,31,2009,03,12,UT,9,853
17.4,30,2009,03,13,UT,9,853
17.4,34,2009,03,14,UT,9,853
17.3,33,2009,03,15,UT,9,853
17.1,38,2009,03,16,UT,9,853
16.5,42,2009,03,17,UT,9,853
16.0,45,2009,03,18,UT,9,853
15.3,44,2009,03,19,UT,9,853
14.7,45,2009,03,20,UT,9,853
14.2,41,2009,03,21,UT,9,853
14.0,29,2009,03,22,UT,9,853
14.1,24,2009,03,23,UT,9,853
14.4,27,2009,03,24,UT,9,853
14.4,31,2009,03,25,UT,9,853
14.4,21,2009,03,26,UT,9,853
15.0,25,2009,03,27,UT,9,853
15.0,36,2009,03,28,UT,9,853
15.0,29,2009,03,29,UT,9,853
15.2,21,2009,03,30,UT,9,853
15.2,32,2009,03,31,UT,9,853
15.1,29,2009,04,01,UT,9,853
15.1,36,2009,04,02,UT,9,853
14.9,26,2009,04,03,UT,9,853
15.6,21,2009,04,04,UT,9,853
15.7,32,2009,04,05,UT,9,853
15.7,39,2009,04,06,UT,9,853
15.3,43,2009,04,07,UT,9,853
14.4,32,2009,04,08,UT,9,853
13.3,35,2009,04,09,UT,9,853
12.8,34,2009,04,10,UT,9,853
12.3,30,2009,04,11,UT,9,853
12.7,36,2009,04,12,UT,9,853
12.7,42,2009,04,13,UT,9,853
11.0,34,2009,04,14,UT,9,853
12.0,20,2009,04,15,UT,9,853
12.4,23,2009,04,16,UT,9,853
13.2,28,2009,04,17,UT,9,853
13.2,38,2009,04,18,UT,9,853
12.7,45,2009,04,19,UT,9,853
11.9,50,2009,04,20,UT,9,853
11.1,51,2009,04,21,UT,9,853
9.0,51,2009,04,22,UT,9,853
7.5,48,2009,04,23,UT,9,853
6.2,44,2009,04,24,UT,9,853
5.1,31,2009,04,25,UT,9,853
5.0,31,2009,04,26,UT,9,853
5.0,38,2009,04,27,UT,9,853
4.3,40,2009,04,28,UT,9,853
3.4,43,2009,04,29,UT,9,853
2.1,46,2009,04,30,UT,9,853
0.8,48,2009,05,01,UT,9,853
6.9,34,2010,01,01,UT,9,853
6.9,29,2010,01,02,UT,9,853
6.9,30,2010,01,03,UT,9,853
6.9,35,2010,01,04,UT,9,853
6.9,35,2010,01,05,UT,9,853
6.9,35,2010,01,06,UT,9,853
6.9,28,2010,01,07,UT,9,853
6.9,33,2010,01,08,UT,9,853
6.9,36,2010,01,09,UT,9,853
6.9,33,2010,01,10,UT,9,853
6.8,34,2010,01,11,UT,9,853
6.8,33,2010,01,12,UT,9,853
6.8,29,2010,01,13,UT,9,853
7.0,25,2010,01,14,UT,9,853
7.0,35,2010,01,15,UT,9,853
7.0,34,2010,01,16,UT,9,853
7.0,28,2010,01,17,UT,9,853
7.0,26,2010,01,18,UT,9,853
8.5,24,2010,01,19,UT,9,853
9.6,23,2010,01,20,UT,9,853
10.4,24,2010,01,21,UT,9,853
12.6,21,2010,01,22,UT,9,853
14.0,19,2010,01,23,UT,9,853
14.0,18,2010,01,24,UT,9,853
14.1,28,2010,01,25,UT,9,853
14.1,29,2010,01,26,UT,9,853
14.1,26,2010,01,27,UT,9,853
15.2,24,2010,01,28,UT,9,853
15.2,27,2010,01,29,UT,9,853
15.2,26,2010,01,30,UT,9,853
15.2,24,2010,01,31,UT,9,853
15.2,27,2010,02,01,UT,9,853
15.3,29,2010,02,02,UT,9,853
15.3,30,2010,02,03,UT,9,853
15.3,29,2010,02,04,UT,9,853
15.3,27,2010,02,05,UT,9,853
15.6,28,2010,02,06,UT,9,853
16.5,25,2010,02,07,UT,9,853
17.0,23,2010,02,08,UT,9,853
17.0,22,2010,02,09,UT,9,853
17.1,24,2010,02,10,UT,9,853
17.1,25,2010,02,11,UT,9,853
17.1,29,2010,02,12,UT,9,853
17.1,31,2010,02,13,UT,9,853
17.1,31,2010,02,14,UT,9,853
17.2,33,2010,02,15,UT,9,853
17.3,32,2010,02,16,UT,9,853
17.3,32,2010,02,17,UT,9,853
17.3,31,2010,02,18,UT,9,853
17.3,29,2010,02,19,UT,9,853
17.3,25,2010,02,20,UT,9,853
17.5,22,2010,02,21,UT,9,853
18.4,14,2010,02,22,UT,9,853
18.4,27,2010,02,23,UT,9,853
18.5,24,2010,02,24,UT,9,853
19.2,25,2010,02,25,UT,9,853
19.2,27,2010,02,26,UT,9,853
19.2,27,2010,02,27,UT,9,853
19.5,26,2010,02,28,UT,9,853
19.5,32,2010,03,01,UT,9,853
19.6,31,2010,03,02,UT,9,853
19.7,30,2010,03,03,UT,9,853
19.8,23,2010,03,04,UT,9,853
20.3,30,2010,03,05,UT,9,853
20.4,32,2010,03,06,UT,9,853
20.6,28,2010,03,07,UT,9,853
21.2,29,2010,03,08,UT,9,853
21.5,25,2010,03,09,UT,9,853
23.0,20,2010,03,10,UT,9,853
23.1,22,2010,03,11,UT,9,853
23.2,35,2010,03,12,UT,9,853
23.4,22,2010,03,13,UT,9,853
24.5,23,2010,03,14,UT,9,853
24.9,34,2010,03,15,UT,9,853
24.9,39,2010,03,16,UT,9,853
24.9,42,2010,03,17,UT,9,853
24.9,38,2010,03,18,UT,9,853
25.1,26,2010,03,19,UT,9,853
25.1,31,2010,03,20,UT,9,853
25.1,39,2010,03,21,UT,9,853
25.1,38,2010,03,22,UT,9,853
25.1,26,2010,03,23,UT,9,853
25.3,32,2010,03,24,UT,9,853
25.3,33,2010,03,25,UT,9,853
25.3,26,2010,03,26,UT,9,853
25.8,27,2010,03,27,UT,9,853
25.8,35,2010,03,28,UT,9,853
25.9,40,2010,03,29,UT,9,853
25.8,41,2010,03,30,UT,9,853
25.6,31,2010,03,31,UT,9,853
25.8,22,2010,04,01,UT,9,853
26.1,26,2010,04,02,UT,9,853
26.2,33,2010,04,03,UT,9,853
26.2,32,2010,04,04,UT,9,853
26.2,26,2010,04,05,UT,9,853
27.0,21,2010,04,06,UT,9,853
27.1,28,2010,04,07,UT,9,853
27.1,36,2010,04,08,UT,9,853
27.1,41,2010,04,09,UT,9,853
27.1,40,2010,04,10,UT,9,853
25.7,42,2010,04,11,UT,9,853
24.7,30,2010,04,12,UT,9,853
24.9,29,2010,04,13,UT,9,853
25.4,36,2010,04,14,UT,9,853
25.2,44,2010,04,15,UT,9,853
24.4,45,2010,04,16,UT,9,853
23.8,45,2010,04,17,UT,9,853
22.6,46,2010,04,18,UT,9,853
21.0,46,2010,04,19,UT,9,853
20.0,42,2010,04,20,UT,9,853
18.9,28,2010,04,21,UT,9,853
19.8,26,2010,04,22,UT,9,853
20.4,29,2010,04,23,UT,9,853
20.4,40,2010,04,24,UT,9,853
20.1,42,2010,04,25,UT,9,853
19.2,44,2010,04,26,UT,9,853
18.4,44,2010,04,27,UT,9,853
17.4,38,2010,04,28,UT,9,853
16.4,23,2010,04,29,UT,9,853
16.6,25,2010,04,30,UT,9,853
16.9,32,2010,05,01,UT,9,853
16.9,28,2010,05,02,UT,9,853
17.4,41,2010,05,03,UT,9,853
16.8,47,2010,05,04,UT,9,853
14.5,47,2010,05,05,UT,9,853
12.7,35,2010,05,06,UT,9,853
12.6,39,2010,05,07,UT,9,853
11.1,45,2010,05,08,UT,9,853
9.8,43,2010,05,09,UT,9,853
8.4,37,2010,05,10,UT,9,853
7.5,29,2010,05,11,UT,9,853
7.6,30,2010,05,12,UT,9,853
8.4,36,2010,05,13,UT,9,853
8.0,40,2010,05,14,UT,9,853
7.6,42,2010,05,15,UT,9,853
6.2,48,2010,05,16,UT,9,853
4.4,47,2010,05,17,UT,9,853
3.1,38,2010,05,18,UT,9,853
2.9,42,2010,05,19,UT,9,853
1.4,49,2010,05,20,UT,9,853
17.7,12,2011,01,01,UT,9,853
17.7,23,2011,01,02,UT,9,853
17.9,20,2011,01,03,UT,9,853
17.9,20,2011,01,04,UT,9,853
17.9,30,2011,01,05,UT,9,853
17.9,33,2011,01,06,UT,9,853
17.9,33,2011,01,07,UT,9,853
17.9,31,2011,01,08,UT,9,853
17.9,22,2011,01,09,UT,9,853
17.9,9,2011,01,10,UT,9,853
17.9,22,2011,01,11,UT,9,853
17.9,31,2011,01,12,UT,9,853
17.9,36,2011,01,13,UT,9,853
17.9,33,2011,01,14,UT,9,853
17.9,34,2011,01,15,UT,9,853
17.9,37,2011,01,16,UT,9,853
18.0,38,2011,01,17,UT,9,853
18.0,36,2011,01,18,UT,9,853
18.0,27,2011,01,19,UT,9,853
18.0,27,2011,01,20,UT,9,853
18.0,34,2011,01,21,UT,9,853
18.0,30,2011,01,22,UT,9,853
18.0,26,2011,01,23,UT,9,853
18.0,29,2011,01,24,UT,9,853
18.0,29,2011,01,25,UT,9,853
18.0,27,2011,01,26,UT,9,853
18.0,35,2011,01,27,UT,9,853
18.0,36,2011,01,28,UT,9,853
18.0,35,2011,01,29,UT,9,853
18.0,26,2011,01,30,UT,9,853
18.0,19,2011,01,31,UT,9,853
18.2,4,2011,02,01,UT,9,853
18.2,0,2011,02,02,UT,9,853
18.2,19,2011,02,03,UT,9,853
18.2,29,2011,02,04,UT,9,853
18.2,30,2011,02,05,UT,9,853
18.2,25,2011,02,06,UT,9,853
18.2,30,2011,02,07,UT,9,853
18.5,16,2011,02,08,UT,9,853
18.5,17,2011,02,09,UT,9,853
18.5,23,2011,02,10,UT,9,853
18.5,30,2011,02,11,UT,9,853
18.5,36,2011,02,12,UT,9,853
18.5,38,2011,02,13,UT,9,853
18.5,34,2011,02,14,UT,9,853
18.5,34,2011,02,15,UT,9,853
18.5,29,2011,02,16,UT,9,853
18.9,24,2011,02,17,UT,9,853
18.9,28,2011,02,18,UT,9,853
18.9,24,2011,02,19,UT,9,853
21.9,19,2011,02,20,UT,9,853
21.9,20,2011,02,21,UT,9,853
21.9,21,2011,02,22,UT,9,853
22.0,22,2011,02,23,UT,9,853
22.0,24,2011,02,24,UT,9,853
22.2,23,2011,02,25,UT,9,853
22.3,23,2011,02,26,UT,9,853
24.9,20,2011,02,27,UT,9,853
24.9,28,2011,02,28,UT,9,853
24.9,32,2011,03,01,UT,9,853
24.9,33,2011,03,02,UT,9,853
24.9,32,2011,03,03,UT,9,853
24.9,29,2011,03,04,UT,9,853
25.0,34,2011,03,05,UT,9,853
25.2,32,2011,03,06,UT,9,853
25.5,26,2011,03,07,UT,9,853
27.0,25,2011,03,08,UT,9,853
27.0,35,2011,03,09,UT,9,853
27.0,38,2011,03,10,UT,9,853
27.0,39,2011,03,11,UT,9,853
27.0,38,2011,03,12,UT,9,853
27.0,38,2011,03,13,UT,9,853
27.0,40,2011,03,14,UT,9,853
27.0,42,2011,03,15,UT,9,853
26.8,39,2011,03,16,UT,9,853
26.5,30,2011,03,17,UT,9,853
26.6,34,2011,03,18,UT,9,853
26.8,29,2011,03,19,UT,9,853
26.8,29,2011,03,20,UT,9,853
28.7,24,2011,03,21,UT,9,853
29.6,24,2011,03,22,UT,9,853
29.7,28,2011,03,23,UT,9,853
29.7,25,2011,03,24,UT,9,853
30.8,24,2011,03,25,UT,9,853
31.1,26,2011,03,26,UT,9,853
32.0,33,2011,03,27,UT,9,853
32.0,35,2011,03,28,UT,9,853
31.9,34,2011,03,29,UT,9,853
31.8,37,2011,03,30,UT,9,853
31.8,44,2011,03,31,UT,9,853
31.4,49,2011,04,01,UT,9,853
30.8,47,2011,04,02,UT,9,853
30.4,28,2011,04,03,UT,9,853
30.8,33,2011,04,04,UT,9,853
30.8,43,2011,04,05,UT,9,853
30.8,33,2011,04,06,UT,9,853
30.8,30,2011,04,07,UT,9,853
31.9,22,2011,04,08,UT,9,853
33.7,20,2011,04,09,UT,9,853
34.2,26,2011,04,10,UT,9,853
34.2,34,2011,04,11,UT,9,853
34.2,38,2011,04,12,UT,9,853
34.2,34,2011,04,13,UT,9,853
34.1,30,2011,04,14,UT,9,853
34.0,40,2011,04,15,UT,9,853
33.7,44,2011,04,16,UT,9,853
32.8,48,2011,04,17,UT,9,853
31.9,42,2011,04,18,UT,9,853
31.8,40,2011,04,19,UT,9,853
31.1,42,2011,04,20,UT,9,853
29.7,39,2011,04,21,UT,9,853
28.6,38,2011,04,22,UT,9,853
27.0,35,2011,04,23,UT,9,853
26.7,35,2011,04,24,UT,9,853
27.2,37,2011,04,25,UT,9,853
27.0,29,2011,04,26,UT,9,853
26.7,33,2011,04,27,UT,9,853
26.6,41,2011,04,28,UT,9,853
25.4,31,2011,04,29,UT,9,853
24.4,24,2011,04,30,UT,9,853
23.8,29,2011,05,01,UT,9,853
23.6,37,2011,05,02,UT,9,853
22.9,43,2011,05,03,UT,9,853
21.4,43,2011,05,04,UT,9,853
19.7,49,2011,05,05,UT,9,853
16.9,51,2011,05,06,UT,9,853
14.2,50,2011,05,07,UT,9,853
12.0,42,2011,05,08,UT,9,853
10.6,31,2011,05,09,UT,9,853
11.3,32,2011,05,10,UT,9,853
11.5,34,2011,05,11,UT,9,853
11.7,45,2011,05,12,UT,9,853
11.0,50,2011,05,13,UT,9,853
10.0,48,2011,05,14,UT,9,853
9.0,44,2011,05,15,UT,9,853
7.6,35,2011,05,16,UT,9,853
6.9,32,2011,05,17,UT,9,853
7.1,31,2011,05,18,UT,9,853
8.1,31,2011,05,19,UT,9,853
9.0,36,2011,05,20,UT,9,853
8.9,44,2011,05,21,UT,9,853
8.3,47,2011,05,22,UT,9,853
7.6,42,2011,05,23,UT,9,853
6.9,38,2011,05,24,UT,9,853
6.7,48,2011,05,25,UT,9,853
5.0,48,2011,05,26,UT,9,853
3.5,50,2011,05,27,UT,9,853
1.9,49,2011,05,28,UT,9,853
0.1,35,2011,05,29,UT,9,853
3.4,39,2012,01,01,UT,9,853
3.4,40,2012,01,02,UT,9,853
3.4,40,2012,01,03,UT,9,853
3.4,41,2012,01,04,UT,9,853
3.4,42,2012,01,05,UT,9,853
3.4,38,2012,01,06,UT,9,853
3.4,25,2012,01,07,UT,9,853
3.5,21,2012,01,08,UT,9,853
3.5,36,2012,01,09,UT,9,853
3.5,37,2012,01,10,UT,9,853
3.5,24,2012,01,11,UT,9,853
3.5,27,2012,01,12,UT,9,853
3.5,31,2012,01,13,UT,9,853
3.5,35,2012,01,14,UT,9,853
3.5,30,2012,01,15,UT,9,853
3.5,21,2012,01,16,UT,9,853
3.5,23,2012,01,17,UT,9,853
3.6,35,2012,01,18,UT,9,853
3.6,39,2012,01,19,UT,9,853
3.6,35,2012,01,20,UT,9,853
3.6,26,2012,01,21,UT,9,853
4.6,23,2012,01,22,UT,9,853
4.6,22,2012,01,23,UT,9,853
5.0,25,2012,01,24,UT,9,853
5.0,35,2012,01,25,UT,9,853
5.0,36,2012,01,26,UT,9,853
5.1,23,2012,01,27,UT,9,853
5.1,29,2012,01,28,UT,9,853
5.1,34,2012,01,29,UT,9,853
5.1,34,2012,01,30,UT,9,853
5.1,31,2012,01,31,UT,9,853
5.1,29,2012,02,01,UT,9,853
5.1,22,2012,02,02,UT,9,853
5.4,21,2012,02,03,UT,9,853
5.4,22,2012,02,04,UT,9,853
5.4,23,2012,02,05,UT,9,853
5.4,22,2012,02,06,UT,9,853
5.4,24,2012,02,07,UT,9,853
5.4,34,2012,02,08,UT,9,853
5.5,33,2012,02,09,UT,9,853
5.5,36,2012,02,10,UT,9,853
5.6,34,2012,02,11,UT,9,853
5.7,27,2012,02,12,UT,9,853
6.6,24,2012,02,13,UT,9,853
7.6,21,2012,02,14,UT,9,853
7.6,20,2012,02,15,UT,9,853
8.1,23,2012,02,16,UT,9,853
8.1,28,2012,02,17,UT,9,853
8.1,31,2012,02,18,UT,9,853
8.1,19,2012,02,19,UT,9,853
8.7,23,2012,02,20,UT,9,853
8.7,30,2012,02,21,UT,9,853
8.7,35,2012,02,22,UT,9,853
8.7,28,2012,02,23,UT,9,853
8.7,31,2012,02,24,UT,9,853
8.7,33,2012,02,25,UT,9,853
8.7,26,2012,02,26,UT,9,853
8.7,27,2012,02,27,UT,9,853
8.7,22,2012,02,28,UT,9,853
9.0,22,2012,02,29,UT,9,853
9.0,22,2012,03,01,UT,9,853
9.6,14,2012,03,02,UT,9,853
9.6,29,2012,03,03,UT,9,853
9.6,38,2012,03,04,UT,9,853
9.5,40,2012,03,05,UT,9,853
9.4,34,2012,03,06,UT,9,853
9.5,16,2012,03,07,UT,9,853
9.5,27,2012,03,08,UT,9,853
9.5,37,2012,03,09,UT,9,853
9.4,36,2012,03,10,UT,9,853
9.0,35,2012,03,11,UT,9,853
8.6,35,2012,03,12,UT,9,853
8.3,36,2012,03,13,UT,9,853
8.0,37,2012,03,14,UT,9,853
7.6,40,2012,03,15,UT,9,853
7.2,39,2012,03,16,UT,9,853
6.9,33,2012,03,17,UT,9,853
8.1,19,2012,03,18,UT,9,853
9.1,20,2012,03,19,UT,9,853
9.6,26,2012,03,20,UT,9,853
9.6,38,2012,03,21,UT,9,853
9.6,44,2012,03,22,UT,9,853
9.6,42,2012,03,23,UT,9,853
9.3,42,2012,03,24,UT,9,853
9.0,40,2012,03,25,UT,9,853
8.8,29,2012,03,26,UT,9,853
9.1,36,2012,03,27,UT,9,853
9.0,38,2012,03,28,UT,9,853
8.7,40,2012,03,29,UT,9,853
8.5,45,2012,03,30,UT,9,853
7.6,44,2012,03,31,UT,9,853
6.5,28,2012,04,01,UT,9,853
6.8,23,2012,04,02,UT,9,853
6.8,36,2012,04,03,UT,9,853
6.7,42,2012,04,04,UT,9,853
5.5,37,2012,04,05,UT,9,853
5.3,28,2012,04,06,UT,9,853
4.8,39,2012,04,07,UT,9,853
4.2,45,2012,04,08,UT,9,853
3.0,47,2012,04,09,UT,9,853
1.9,47,2012,04,10,UT,9,853
0.5,34,2012,04,11,UT,9,853
0.9,29,2012,04,12,UT,9,853
1.3,27,2012,04,13,UT,9,853
1.6,24,2012,04,14,UT,9,853
2.8,32,2012,04,15,UT,9,853
2.7,37,2012,04,16,UT,9,853
2.4,42,2012,04,17,UT,9,853
2.0,45,2012,04,18,UT,9,853
1.6,45,2012,04,19,UT,9,853
0.4,48,2012,04,20,UT,9,853
5.9,15,2013,01,01,UT,9,853
5.9,23,2013,01,02,UT,9,853
5.9,24,2013,01,03,UT,9,853
5.9,30,2013,01,04,UT,9,853
5.9,33,2013,01,05,UT,9,853
5.9,28,2013,01,06,UT,9,853
5.8,29,2013,01,07,UT,9,853
5.8,31,2013,01,08,UT,9,853
5.8,34,2013,01,09,UT,9,853
5.8,23,2013,01,10,UT,9,853
5.9,5,2013,01,11,UT,9,853
5.9,2,2013,01,12,UT,9,853
5.9,-2,2013,01,13,UT,9,853
5.9,-3,2013,01,14,UT,9,853
6.0,13,2013,01,15,UT,9,853
6.0,27,2013,01,16,UT,9,853
6.0,34,2013,01,17,UT,9,853
6.0,33,2013,01,18,UT,9,853
5.9,36,2013,01,19,UT,9,853
5.9,35,2013,01,20,UT,9,853
5.9,37,2013,01,21,UT,9,853
6.0,40,2013,01,22,UT,9,853
6.0,38,2013,01,23,UT,9,853
6.0,34,2013,01,24,UT,9,853
6.2,34,2013,01,25,UT,9,853
6.2,33,2013,01,26,UT,9,853
7.0,28,2013,01,27,UT,9,853
7.8,14,2013,01,28,UT,9,853
8.1,13,2013,01,29,UT,9,853
8.3,25,2013,01,30,UT,9,853
8.3,31,2013,01,31,UT,9,853
8.3,33,2013,02,01,UT,9,853
8.3,35,2013,02,02,UT,9,853
8.3,33,2013,02,03,UT,9,853
8.3,36,2013,02,04,UT,9,853
8.3,37,2013,02,05,UT,9,853
8.3,31,2013,02,06,UT,9,853
8.3,29,2013,02,07,UT,9,853
8.3,21,2013,02,08,UT,9,853
8.5,17,2013,02,09,UT,9,853
8.9,14,2013,02,10,UT,9,853
9.0,11,2013,02,11,UT,9,853
9.0,18,2013,02,12,UT,9,853
9.0,27,2013,02,13,UT,9,853
9.0,26,2013,02,14,UT,9,853
9.1,31,2013,02,15,UT,9,853
9.1,38,2013,02,16,UT,9,853
9.1,32,2013,02,17,UT,9,853
9.1,26,2013,02,18,UT,9,853
9.1,28,2013,02,19,UT,9,853
9.1,22,2013,02,20,UT,9,853
9.7,17,2013,02,21,UT,9,853
9.7,17,2013,02,22,UT,9,853
9.7,19,2013,02,23,UT,9,853
10.3,11,2013,02,24,UT,9,853
10.3,26,2013,02,25,UT,9,853
10.3,15,2013,02,26,UT,9,853
10.3,20,2013,02,27,UT,9,853
10.3,29,2013,02,28,UT,9,853
10.3,35,2013,03,01,UT,9,853
10.3,40,2013,03,02,UT,9,853
10.3,36,2013,03,03,UT,9,853
10.4,31,2013,03,04,UT,9,853
10.5,35,2013,03,05,UT,9,853
10.5,33,2013,03,06,UT,9,853
10.5,33,2013,03,07,UT,9,853
10.5,27,2013,03,08,UT,9,853
11.6,23,2013,03,09,UT,9,853
12.5,28,2013,03,10,UT,9,853
12.5,35,2013,03,11,UT,9,853
12.5,39,2013,03,12,UT,9,853
12.5,44,2013,03,13,UT,9,853
11.9,49,2013,03,14,UT,9,853
11.5,48,2013,03,15,UT,9,853
10.9,44,2013,03,16,UT,9,853
10.1,37,2013,03,17,UT,9,853
10.0,36,2013,03,18,UT,9,853
9.5,37,2013,03,19,UT,9,853
9.1,38,2013,03,20,UT,9,853
8.9,35,2013,03,21,UT,9,853
8.9,29,2013,03,22,UT,9,853
8.9,18,2013,03,23,UT,9,853
8.9,26,2013,03,24,UT,9,853
8.9,35,2013,03,25,UT,9,853
8.9,38,2013,03,26,UT,9,853
8.9,40,2013,03,27,UT,9,853
7.8,40,2013,03,28,UT,9,853
7.2,42,2013,03,29,UT,9,853
6.6,44,2013,03,30,UT,9,853
5.8,42,2013,03,31,UT,9,853
5.3,34,2013,04,01,UT,9,853
5.4,32,2013,04,02,UT,9,853
5.5,41,2013,04,03,UT,9,853
4.8,43,2013,04,04,UT,9,853
4.2,43,2013,04,05,UT,9,853
3.5,42,2013,04,06,UT,9,853
2.8,43,2013,04,07,UT,9,853
1.7,31,2013,04,08,UT,9,853
2.4,20,2013,04,09,UT,9,853
2.8,29,2013,04,10,UT,9,853
2.8,36,2013,04,11,UT,9,853
2.5,40,2013,04,12,UT,9,853
2.0,43,2013,04,13,UT,9,853
1.7,40,2013,04,14,UT,9,853
0.6,38,2013,04,15,UT,9,853
0.2,26,2013,04,16,UT,9,853
0.6,20,2013,04,17,UT,9,853
0.9,25,2013,04,18,UT,9,853
0.9,36,2013,04,19,UT,9,853
0.6,36,2013,04,20,UT,9,853
0.1,44,2013,04,21,UT,9,853
2.8,34,2014,01,01,UT,9,853
2.8,36,2014,01,02,UT,9,853
2.8,37,2014,01,03,UT,9,853
2.8,24,2014,01,04,UT,9,853
2.8,22,2014,01,05,UT,9,853
2.8,33,2014,01,06,UT,9,853
2.8,33,2014,01,07,UT,9,853
2.8,30,2014,01,08,UT,9,853
2.8,28,2014,01,09,UT,9,853
2.8,30,2014,01,10,UT,9,853
2.8,35,2014,01,11,UT,9,853
2.8,27,2014,01,12,UT,9,853
2.8,29,2014,01,13,UT,9,853
2.8,31,2014,01,14,UT,9,853
2.8,35,2014,01,15,UT,9,853
2.8,34,2014,01,16,UT,9,853
2.8,37,2014,01,17,UT,9,853
2.7,38,2014,01,18,UT,9,853
2.7,39,2014,01,19,UT,9,853
2.7,37,2014,01,20,UT,9,853
2.6,36,2014,01,21,UT,9,853
2.6,34,2014,01,22,UT,9,853
2.6,28,2014,01,23,UT,9,853
2.6,33,2014,01,24,UT,9,853
2.6,35,2014,01,25,UT,9,853
2.6,35,2014,01,26,UT,9,853
2.6,34,2014,01,27,UT,9,853
2.6,33,2014,01,28,UT,9,853
2.6,38,2014,01,29,UT,9,853
2.6,32,2014,01,30,UT,9,853
3.0,24,2014,01,31,UT,9,853
3.6,15,2014,02,01,UT,9,853
3.6,16,2014,02,02,UT,9,853
3.6,18,2014,02,03,UT,9,853
3.7,16,2014,02,04,UT,9,853
3.8,19,2014,02,05,UT,9,853
3.8,22,2014,02,06,UT,9,853
4.2,24,2014,02,07,UT,9,853
4.2,33,2014,02,08,UT,9,853
4.2,38,2014,02,09,UT,9,853
4.2,33,2014,02,10,UT,9,853
4.4,31,2014,02,11,UT,9,853
4.4,36,2014,02,12,UT,9,853
4.4,42,2014,02,13,UT,9,853
4.4,43,2014,02,14,UT,9,853
4.4,43,2014,02,15,UT,9,853
4.4,39,2014,02,16,UT,9,853
4.4,38,2014,02,17,UT,9,853
4.4,38,2014,02,18,UT,9,853
4.4,32,2014,02,19,UT,9,853
4.4,25,2014,02,20,UT,9,853
4.4,32,2014,02,21,UT,9,853
4.4,33,2014,02,22,UT,9,853
4.4,36,2014,02,23,UT,9,853
4.4,38,2014,02,24,UT,9,853
4.6,38,2014,02,25,UT,9,853
4.7,38,2014,02,26,UT,9,853
4.7,30,2014,02,27,UT,9,853
5.0,31,2014,02,28,UT,9,853
6.0,28,2014,03,01,UT,9,853
6.3,31,2014,03,02,UT,9,853
6.3,35,2014,03,03,UT,9,853
6.3,33,2014,03,04,UT,9,853
6.5,36,2014,03,05,UT,9,853
6.5,39,2014,03,06,UT,9,853
6.7,29,2014,03,07,UT,9,853
7.0,32,2014,03,08,UT,9,853
7.0,41,2014,03,09,UT,9,853
7.0,39,2014,03,10,UT,9,853
7.0,26,2014,03,11,UT,9,853
7.0,30,2014,03,12,UT,9,853
6.9,33,2014,03,13,UT,9,853
6.9,36,2014,03,14,UT,9,853
6.8,33,2014,03,15,UT,9,853
6.8,40,2014,03,16,UT,9,853
6.7,36,2014,03,17,UT,9,853
6.5,23,2014,03,18,UT,9,853
6.1,31,2014,03,19,UT,9,853
5.9,37,2014,03,20,UT,9,853
5.0,38,2014,03,21,UT,9,853
5.0,35,2014,03,22,UT,9,853
4.9,37,2014,03,23,UT,9,853
4.3,40,2014,03,24,UT,9,853
3.6,42,2014,03,25,UT,9,853
2.4,31,2014,03,26,UT,9,853
2.5,30,2014,03,27,UT,9,853
2.6,33,2014,03,28,UT,9,853
2.6,38,2014,03,29,UT,9,853
2.5,30,2014,03,30,UT,9,853
2.9,31,2014,03,31,UT,9,853
2.9,27,2014,04,01,UT,9,853
3.1,24,2014,04,02,UT,9,853
3.3,28,2014,04,03,UT,9,853
3.3,30,2014,04,04,UT,9,853
3.3,30,2014,04,05,UT,9,853
3.0,33,2014,04,06,UT,9,853
2.8,40,2014,04,07,UT,9,853
1.6,47,2014,04,08,UT,9,853
0.4,47,2014,04,09,UT,9,853
0.1,49,2014,04,10,UT,9,853
0.7,32,2014,04,27,UT,9,853
0.4,31,2014,04,28,UT,9,853
0.1,31,2014,04,29,UT,9,853
0.3,36,2014,05,08,UT,9,853
0.6,27,2014,05,11,UT,9,853
1.7,33,2014,05,12,UT,9,853
1.1,38,2014,05,13,UT,9,853
0.2,44,2014,05,14,UT,9,853
2.7,13,2015,01,01,UT,9,853
2.7,23,2015,01,02,UT,9,853
2.7,28,2015,01,03,UT,9,853
2.7,33,2015,01,04,UT,9,853
2.7,40,2015,01,05,UT,9,853
2.7,44,2015,01,06,UT,9,853
2.7,44,2015,01,07,UT,9,853
2.7,42,2015,01,08,UT,9,853
2.9,38,2015,01,09,UT,9,853
2.9,33,2015,01,10,UT,9,853
3.1,33,2015,01,11,UT,9,853
3.1,30,2015,01,12,UT,9,853
3.5,23,2015,01,13,UT,9,853
3.5,28,2015,01,14,UT,9,853
3.5,35,2015,01,15,UT,9,853
3.5,37,2015,01,16,UT,9,853
3.5,35,2015,01,17,UT,9,853
3.5,40,2015,01,18,UT,9,853
3.5,37,2015,01,19,UT,9,853
3.5,32,2015,01,20,UT,9,853
3.5,22,2015,01,21,UT,9,853
3.5,25,2015,01,22,UT,9,853
3.5,28,2015,01,23,UT,9,853
3.5,32,2015,01,24,UT,9,853
3.5,41,2015,01,25,UT,9,853
3.5,42,2015,01,26,UT,9,853
4.0,33,2015,01,27,UT,9,853
4.0,33,2015,01,28,UT,9,853
4.0,34,2015,01,29,UT,9,853
4.1,32,2015,01,30,UT,9,853
4.5,29,2015,01,31,UT,9,853
4.5,33,2015,02,01,UT,9,853
4.5,36,2015,02,02,UT,9,853
4.5,36,2015,02,03,UT,9,853
4.5,39,2015,02,04,UT,9,853
4.5,42,2015,02,05,UT,9,853
4.5,41,2015,02,06,UT,9,853
4.5,40,2015,02,07,UT,9,853
4.5,41,2015,02,08,UT,9,853
4.5,39,2015,02,09,UT,9,853
4.5,33,2015,02,10,UT,9,853
4.5,33,2015,02,11,UT,9,853
4.5,40,2015,02,12,UT,9,853
4.5,47,2015,02,13,UT,9,853
4.5,46,2015,02,14,UT,9,853
4.5,38,2015,02,15,UT,9,853
4.5,30,2015,02,16,UT,9,853
4.5,31,2015,02,17,UT,9,853
4.5,41,2015,02,18,UT,9,853
4.5,42,2015,02,19,UT,9,853
4.4,37,2015,02,20,UT,9,853
4.2,31,2015,02,21,UT,9,853
4.0,23,2015,02,22,UT,9,853
5.0,22,2015,02,23,UT,9,853
5.4,24,2015,02,24,UT,9,853
5.4,32,2015,02,25,UT,9,853
5.4,28,2015,02,26,UT,9,853
5.4,25,2015,02,27,UT,9,853
5.4,24,2015,02,28,UT,9,853
7.1,26,2015,03,01,UT,9,853
8.2,25,2015,03,02,UT,9,853
10.3,22,2015,03,03,UT,9,853
10.5,22,2015,03,04,UT,9,853
10.5,33,2015,03,05,UT,9,853
10.5,38,2015,03,06,UT,9,853
10.5,39,2015,03,07,UT,9,853
10.3,39,2015,03,08,UT,9,853
10.2,36,2015,03,09,UT,9,853
10.0,42,2015,03,10,UT,9,853
9.6,40,2015,03,11,UT,9,853
9.5,36,2015,03,12,UT,9,853
9.4,39,2015,03,13,UT,9,853
9.1,42,2015,03,14,UT,9,853
8.8,44,2015,03,15,UT,9,853
8.6,47,2015,03,16,UT,9,853
8.2,45,2015,03,17,UT,9,853
8.0,40,2015,03,18,UT,9,853
7.8,38,2015,03,19,UT,9,853
7.6,43,2015,03,20,UT,9,853
7.5,43,2015,03,21,UT,9,853
7.2,41,2015,03,22,UT,9,853
6.7,40,2015,03,23,UT,9,853
6.5,39,2015,03,24,UT,9,853
5.8,34,2015,03,25,UT,9,853
5.8,42,2015,03,26,UT,9,853
5.2,49,2015,03,27,UT,9,853
4.0,49,2015,03,28,UT,9,853
3.1,48,2015,03,29,UT,9,853
2.6,49,2015,03,30,UT,9,853
1.6,47,2015,03,31,UT,9,853
0.5,40,2015,04,01,UT,9,853
0.5,31,2015,04,17,UT,9,853
0.2,41,2015,04,18,UT,9,853
0.4,32,2015,04,25,UT,9,853
1.1,30,2015,04,26,UT,9,853
1.2,38,2015,04,27,UT,9,853
0.5,47,2015,04,28,UT,9,853
0.4,38,2015,05,10,UT,9,853
0.2,35,2015,05,16,UT,9,853
0.2,35,2015,05,23,UT,9,853
0.6,40,2015,05,24,UT,9,853
6.2,20,2016,01,01,UT,9,853
6.2,29,2016,01,02,UT,9,853
6.2,32,2016,01,03,UT,9,853
6.2,28,2016,01,04,UT,9,853
6.9,27,2016,01,05,UT,9,853
7.7,26,2016,01,06,UT,9,853
8.5,21,2016,01,07,UT,9,853
9.3,19,2016,01,08,UT,9,853
9.3,18,2016,01,09,UT,9,853
9.3,17,2016,01,10,UT,9,853
9.3,25,2016,01,11,UT,9,853
9.3,33,2016,01,12,UT,9,853
9.3,30,2016,01,13,UT,9,853
9.3,25,2016,01,14,UT,9,853
9.3,23,2016,01,15,UT,9,853
9.5,26,2016,01,16,UT,9,853
9.5,31,2016,01,17,UT,9,853
9.5,29,2016,01,18,UT,9,853
9.5,27,2016,01,19,UT,9,853
9.6,26,2016,01,20,UT,9,853
9.6,31,2016,01,21,UT,9,853
9.6,35,2016,01,22,UT,9,853
9.6,33,2016,01,23,UT,9,853
9.7,23,2016,01,24,UT,9,853
10.0,20,2016,01,25,UT,9,853
10.0,26,2016,01,26,UT,9,853
10.0,40,2016,01,27,UT,9,853
10.0,42,2016,01,28,UT,9,853
10.0,39,2016,01,29,UT,9,853
10.0,31,2016,01,30,UT,9,853
10.2,28,2016,01,31,UT,9,853
12.2,12,2016,02,01,UT,9,853
12.7,8,2016,02,02,UT,9,853
12.7,13,2016,02,03,UT,9,853
12.7,21,2016,02,04,UT,9,853
12.7,26,2016,02,05,UT,9,853
12.7,35,2016,02,06,UT,9,853
12.7,35,2016,02,07,UT,9,853
12.7,40,2016,02,08,UT,9,853
12.7,45,2016,02,09,UT,9,853
12.7,44,2016,02,10,UT,9,853
12.7,45,2016,02,11,UT,9,853
12.7,45,2016,02,12,UT,9,853
12.6,41,2016,02,13,UT,9,853
12.6,36,2016,02,14,UT,9,853
12.5,36,2016,02,15,UT,9,853
12.5,43,2016,02,16,UT,9,853
12.3,42,2016,02,17,UT,9,853
12.1,32,2016,02,18,UT,9,853
12.8,35,2016,02,19,UT,9,853
13.2,38,2016,02,20,UT,9,853
13.2,38,2016,02,21,UT,9,853
13.2,29,2016,02,22,UT,9,853
13.2,24,2016,02,23,UT,9,853
13.4,35,2016,02,24,UT,9,853
13.4,41,2016,02,25,UT,9,853
13.3,42,2016,02,26,UT,9,853
13.1,43,2016,02,27,UT,9,853
12.7,38,2016,02,28,UT,9,853
12.3,39,2016,02,29,UT,9,853
11.9,41,2016,03,01,UT,9,853
11.6,42,2016,03,02,UT,9,853
11.4,42,2016,03,03,UT,9,853
11.3,42,2016,03,04,UT,9,853
11.2,39,2016,03,05,UT,9,853
11.0,30,2016,03,06,UT,9,853
12.4,26,2016,03,07,UT,9,853
12.4,31,2016,03,08,UT,9,853
12.4,35,2016,03,09,UT,9,853
12.6,42,2016,03,10,UT,9,853
12.6,40,2016,03,11,UT,9,853
12.6,32,2016,03,12,UT,9,853
12.8,32,2016,03,13,UT,9,853
12.8,34,2016,03,14,UT,9,853
13.1,33,2016,03,15,UT,9,853
13.1,34,2016,03,16,UT,9,853
13.0,38,2016,03,17,UT,9,853
12.7,38,2016,03,18,UT,9,853
12.3,41,2016,03,19,UT,9,853
11.6,44,2016,03,20,UT,9,853
11.0,43,2016,03,21,UT,9,853
10.8,28,2016,03,22,UT,9,853
11.7,25,2016,03,23,UT,9,853
11.7,35,2016,03,24,UT,9,853
11.7,35,2016,03,25,UT,9,853
11.7,28,2016,03,26,UT,9,853
11.7,35,2016,03,27,UT,9,853
11.4,32,2016,03,28,UT,9,853
11.9,20,2016,03,29,UT,9,853
12.6,23,2016,03,30,UT,9,853
12.8,28,2016,03,31,UT,9,853
12.8,33,2016,04,01,UT,9,853
12.8,39,2016,04,02,UT,9,853
12.6,45,2016,04,03,UT,9,853
12.3,43,2016,04,04,UT,9,853
11.5,41,2016,04,05,UT,9,853
10.5,44,2016,04,06,UT,9,853
9.0,49,2016,04,07,UT,9,853
8.0,40,2016,04,08,UT,9,853
7.4,35,2016,04,09,UT,9,853
8.6,36,2016,04,10,UT,9,853
8.5,37,2016,04,11,UT,9,853
8.4,42,2016,04,12,UT,9,853
7.8,41,2016,04,13,UT,9,853
7.1,39,2016,04,14,UT,9,853
6.4,27,2016,04,15,UT,9,853
6.9,30,2016,04,16,UT,9,853
6.9,34,2016,04,17,UT,9,853
6.8,36,2016,04,18,UT,9,853
6.4,40,2016,04,19,UT,9,853
5.0,47,2016,04,20,UT,9,853
3.4,48,2016,04,21,UT,9,853
2.2,48,2016,04,22,UT,9,853
0.8,36,2016,04,23,UT,9,853
0.5,31,2016,04,26,UT,9,853
0.7,33,2016,04,27,UT,9,853
1.1,32,2016,04,28,UT,9,853
1.8,33,2016,04,29,UT,9,853
2.1,33,2016,04,30,UT,9,853
2.3,35,2016,05,01,UT,9,853
2.6,37,2016,05,02,UT,9,853
2.5,45,2016,05,03,UT,9,853
1.6,51,2016,05,04,UT,9,853
0.1,50,2016,05,05,UT,9,853
8.0,26,2017,01,01,UT,9,853
8.0,22,2017,01,02,UT,9,853
8.1,23,2017,01,03,UT,9,853
8.1,28,2017,01,04,UT,9,853
8.2,25,2017,01,05,UT,9,853
8.9,15,2017,01,06,UT,9,853
8.9,26,2017,01,07,UT,9,853
8.9,34,2017,01,08,UT,9,853
9.0,31,2017,01,09,UT,9,853
10.1,27,2017,01,10,UT,9,853
10.1,28,2017,01,11,UT,9,853
10.3,26,2017,01,12,UT,9,853
11.7,28,2017,01,13,UT,9,853
12.0,29,2017,01,14,UT,9,853
12.0,25,2017,01,15,UT,9,853
12.0,21,2017,01,16,UT,9,853
12.0,29,2017,01,17,UT,9,853
12.0,30,2017,01,18,UT,9,853
12.0,24,2017,01,19,UT,9,853
12.7,22,2017,01,20,UT,9,853
14.2,20,2017,01,21,UT,9,853
14.7,21,2017,01,22,UT,9,853
15.5,22,2017,01,23,UT,9,853
16.9,15,2017,01,24,UT,9,853
16.9,11,2017,01,25,UT,9,853
16.9,9,2017,01,26,UT,9,853
16.9,14,2017,01,27,UT,9,853
17.0,27,2017,01,28,UT,9,853
17.0,37,2017,01,29,UT,9,853
17.0,39,2017,01,30,UT,9,853
17.0,39,2017,01,31,UT,9,853
17.0,34,2017,02,01,UT,9,853
17.0,31,2017,02,02,UT,9,853
17.0,31,2017,02,03,UT,9,853
17.0,32,2017,02,04,UT,9,853
17.0,34,2017,02,05,UT,9,853
17.0,30,2017,02,06,UT,9,853
17.0,34,2017,02,07,UT,9,853
17.0,40,2017,02,08,UT,9,853
17.0,42,2017,02,09,UT,9,853
17.0,38,2017,02,10,UT,9,853
16.9,31,2017,02,11,UT,9,853
18.2,32,2017,02,12,UT,9,853
18.2,32,2017,02,13,UT,9,853
18.2,33,2017,02,14,UT,9,853
18.2,36,2017,02,15,UT,9,853
18.2,34,2017,02,16,UT,9,853
18.2,30,2017,02,17,UT,9,853
18.8,30,2017,02,18,UT,9,853
20.0,31,2017,02,19,UT,9,853
20.2,31,2017,02,20,UT,9,853
20.3,34,2017,02,21,UT,9,853
20.3,29,2017,02,22,UT,9,853
20.5,17,2017,02,23,UT,9,853
20.5,14,2017,02,24,UT,9,853
20.5,18,2017,02,25,UT,9,853
20.5,21,2017,02,26,UT,9,853
20.5,23,2017,02,27,UT,9,853
21.1,21,2017,02,28,UT,9,853
21.1,25,2017,03,01,UT,9,853
21.1,33,2017,03,02,UT,9,853
21.1,36,2017,03,03,UT,9,853
21.1,35,2017,03,04,UT,9,853
21.1,30,2017,03,05,UT,9,853
21.6,16,2017,03,06,UT,9,853
21.6,30,2017,03,07,UT,9,853
21.7,41,2017,03,08,UT,9,853
21.7,44,2017,03,09,UT,9,853
21.3,44,2017,03,10,UT,9,853
20.7,43,2017,03,11,UT,9,853
20.0,43,2017,03,12,UT,9,853
19.4,46,2017,03,13,UT,9,853
18.3,48,2017,03,14,UT,9,853
17.4,46,2017,03,15,UT,9,853
17.0,47,2017,03,16,UT,9,853
16.1,49,2017,03,17,UT,9,853
15.1,47,2017,03,18,UT,9,853
14.5,46,2017,03,19,UT,9,853
13.8,47,2017,03,20,UT,9,853
13.2,44,2017,03,21,UT,9,853
12.2,37,2017,03,22,UT,9,853
12.6,28,2017,03,23,UT,9,853
13.1,37,2017,03,24,UT,9,853
13.1,31,2017,03,25,UT,9,853
13.3,34,2017,03,26,UT,9,853
13.3,31,2017,03,27,UT,9,853
14.2,27,2017,03,28,UT,9,853
14.2,38,2017,03,29,UT,9,853
14.2,37,2017,03,30,UT,9,853
14.5,29,2017,03,31,UT,9,853
15.0,35,2017,04,01,UT,9,853
15.0,38,2017,04,02,UT,9,853
15.0,29,2017,04,03,UT,9,853
15.7,27,2017,04,04,UT,9,853
15.7,38,2017,04,05,UT,9,853
15.7,43,2017,04,06,UT,9,853
15.4,43,2017,04,07,UT,9,853
15.0,35,2017,04,08,UT,9,853
14.6,30,2017,04,09,UT,9,853
14.6,37,2017,04,10,UT,9,853
14.3,40,2017,04,11,UT,9,853
13.8,44,2017,04,12,UT,9,853
12.7,45,2017,04,13,UT,9,853
11.4,41,2017,04,14,UT,9,853
10.3,41,2017,04,15,UT,9,853
9.3,45,2017,04,16,UT,9,853
8.1,44,2017,04,17,UT,9,853
6.9,43,2017,04,18,UT,9,853
5.5,41,2017,04,19,UT,9,853
4.3,41,2017,04,20,UT,9,853
3.2,36,2017,04,21,UT,9,853
2.3,44,2017,04,22,UT,9,853
1.3,46,2017,04,23,UT,9,853
0.1,43,2017,04,24,UT,9,853
0.3,41,2017,05,10,UT,9,853
0.3,27,2017,05,18,UT,9,853
0.4,34,2018,01,07,UT,9,853
0.4,33,2018,01,08,UT,9,853
0.7,32,2018,01,09,UT,9,853
2.2,30,2018,01,10,UT,9,853
2.7,28,2018,01,11,UT,9,853
2.7,33,2018,01,12,UT,9,853
2.7,36,2018,01,13,UT,9,853
2.7,38,2018,01,14,UT,9,853
2.7,38,2018,01,15,UT,9,853
2.7,35,2018,01,16,UT,9,853
2.7,36,2018,01,17,UT,9,853
2.7,38,2018,01,18,UT,9,853
2.7,35,2018,01,19,UT,9,853
2.7,22,2018,01,20,UT,9,853
4.0,13,2018,01,21,UT,9,853
4.0,25,2018,01,22,UT,9,853
4.0,28,2018,01,23,UT,9,853
4.0,32,2018,01,24,UT,9,853
4.0,27,2018,01,25,UT,9,853
4.3,21,2018,01,26,UT,9,853
4.3,28,2018,01,27,UT,9,853
4.3,36,2018,01,28,UT,9,853
4.3,40,2018,01,29,UT,9,853
4.3,42,2018,01,30,UT,9,853
4.3,39,2018,01,31,UT,9,853
4.3,38,2018,02,01,UT,9,853
4.3,39,2018,02,02,UT,9,853
4.3,38,2018,02,03,UT,9,853
4.3,39,2018,02,04,UT,9,853
4.3,38,2018,02,05,UT,9,853
4.3,30,2018,02,06,UT,9,853
4.4,36,2018,02,07,UT,9,853
4.4,41,2018,02,08,UT,9,853
4.4,40,2018,02,09,UT,9,853
4.4,28,2018,02,10,UT,9,853
4.5,26,2018,02,11,UT,9,853
4.5,24,2018,02,12,UT,9,853
4.8,27,2018,02,13,UT,9,853
5.0,29,2018,02,14,UT,9,853
5.5,24,2018,02,15,UT,9,853
5.8,29,2018,02,16,UT,9,853
5.8,33,2018,02,17,UT,9,853
5.8,31,2018,02,18,UT,9,853
5.8,16,2018,02,19,UT,9,853
6.6,9,2018,02,20,UT,9,853
6.6,14,2018,02,21,UT,9,853
6.6,13,2018,02,22,UT,9,853
6.9,14,2018,02,23,UT,9,853
7.0,15,2018,02,24,UT,9,853
7.0,20,2018,02,25,UT,9,853
7.0,25,2018,02,26,UT,9,853
7.0,24,2018,02,27,UT,9,853
7.0,25,2018,02,28,UT,9,853
7.0,25,2018,03,01,UT,9,853
7.0,30,2018,03,02,UT,9,853
7.0,30,2018,03,03,UT,9,853
7.1,19,2018,03,04,UT,9,853
7.7,22,2018,03,05,UT,9,853
7.7,31,2018,03,06,UT,9,853
7.7,35,2018,03,07,UT,9,853
7.7,37,2018,03,08,UT,9,853
7.7,39,2018,03,09,UT,9,853
7.6,36,2018,03,10,UT,9,853
7.5,34,2018,03,11,UT,9,853
7.7,37,2018,03,12,UT,9,853
7.5,39,2018,03,13,UT,9,853
7.3,35,2018,03,14,UT,9,853
7.6,24,2018,03,15,UT,9,853
8.2,26,2018,03,16,UT,9,853
8.2,24,2018,03,17,UT,9,853
8.5,20,2018,03,18,UT,9,853
9.0,27,2018,03,19,UT,9,853
9.0,33,2018,03,20,UT,9,853
9.0,37,2018,03,21,UT,9,853
9.0,36,2018,03,22,UT,9,853
9.9,36,2018,03,23,UT,9,853
10.1,34,2018,03,24,UT,9,853
10.1,29,2018,03,25,UT,9,853
10.2,23,2018,03,26,UT,9,853
10.2,26,2018,03,27,UT,9,853
10.2,36,2018,03,28,UT,9,853
10.2,38,2018,03,29,UT,9,853
9.8,41,2018,03,30,UT,9,853
9.2,45,2018,03,31,UT,9,853
8.8,45,2018,04,01,UT,9,853
8.5,42,2018,04,02,UT,9,853
8.0,36,2018,04,03,UT,9,853
7.8,40,2018,04,04,UT,9,853
7.4,44,2018,04,05,UT,9,853
6.3,45,2018,04,06,UT,9,853
5.5,47,2018,04,07,UT,9,853
4.5,39,2018,04,08,UT,9,853
3.7,40,2018,04,09,UT,9,853
2.8,47,2018,04,10,UT,9,853
2.1,50,2018,04,11,UT,9,853
0.7,33,2018,04,12,UT,9,853
0.5,24,2018,04,13,UT,9,853
0.2,36,2018,04,14,UT,9,853
0.2,35,2018,04,18,UT,9,853
0.7,43,2018,04,21,UT,9,853
0.1,31,2018,05,02,UT,9,853
0.3,39,2018,05,03,UT,9,853
3.2,4,2019,01,01,UT,9,853
3.2,19,2019,01,02,UT,9,853
3.2,36,2019,01,03,UT,9,853
3.2,36,2019,01,04,UT,9,853
3.2,30,2019,01,05,UT,9,853
4.0,24,2019,01,06,UT,9,853
4.8,27,2019,01,07,UT,9,853
4.8,33,2019,01,08,UT,9,853
4.8,34,2019,01,09,UT,9,853
4.8,32,2019,01,10,UT,9,853
4.8,26,2019,01,11,UT,9,853
4.8,25,2019,01,12,UT,9,853
4.8,24,2019,01,13,UT,9,853
4.8,26,2019,01,14,UT,9,853
4.9,28,2019,01,15,UT,9,853
6.5,28,2019,01,16,UT,9,853
6.5,30,2019,01,17,UT,9,853
7.3,23,2019,01,18,UT,9,853
7.3,32,2019,01,19,UT,9,853
7.3,33,2019,01,20,UT,9,853
7.3,23,2019,01,21,UT,9,853
8.4,15,2019,01,22,UT,9,853
8.4,27,2019,01,23,UT,9,853
8.4,26,2019,01,24,UT,9,853
8.4,26,2019,01,25,UT,9,853
8.4,30,2019,01,26,UT,9,853
8.4,37,2019,01,27,UT,9,853
8.4,31,2019,01,28,UT,9,853
8.4,32,2019,01,29,UT,9,853
8.4,32,2019,01,30,UT,9,853
8.4,33,2019,01,31,UT,9,853
8.4,33,2019,02,01,UT,9,853
8.4,31,2019,02,02,UT,9,853
10.5,26,2019,02,03,UT,9,853
10.8,25,2019,02,04,UT,9,853
12.5,21,2019,02,05,UT,9,853
14.7,11,2019,02,06,UT,9,853
14.7,13,2019,02,07,UT,9,853
14.7,17,2019,02,08,UT,9,853
14.7,20,2019,02,09,UT,9,853
14.8,19,2019,02,10,UT,9,853
16.0,16,2019,02,11,UT,9,853
16.0,25,2019,02,12,UT,9,853
16.2,27,2019,02,13,UT,9,853
16.3,29,2019,02,14,UT,9,853
17.6,25,2019,02,15,UT,9,853
17.9,17,2019,02,16,UT,9,853
18.2,15,2019,02,17,UT,9,853
18.5,12,2019,02,18,UT,9,853
18.7,9,2019,02,19,UT,9,853
18.7,11,2019,02,20,UT,9,853
19.3,14,2019,02,21,UT,9,853
20.4,11,2019,02,22,UT,9,853
20.4,18,2019,02,23,UT,9,853
20.4,24,2019,02,24,UT,9,853
20.4,28,2019,02,25,UT,9,853
20.4,31,2019,02,26,UT,9,853
20.4,33,2019,02,27,UT,9,853
20.4,34,2019,02,28,UT,9,853
20.4,35,2019,03,01,UT,9,853
20.4,32,2019,03,02,UT,9,853
21.3,33,2019,03,03,UT,9,853
21.7,31,2019,03,04,UT,9,853
21.7,34,2019,03,05,UT,9,853
21.7,32,2019,03,06,UT,9,853
23.8,31,2019,03,07,UT,9,853
24.4,26,2019,03,08,UT,9,853
24.7,24,2019,03,09,UT,9,853
24.7,26,2019,03,10,UT,9,853
24.7,31,2019,03,11,UT,9,853
24.8,33,2019,03,12,UT,9,853
25.2,19,2019,03,13,UT,9,853
25.8,19,2019,03,14,UT,9,853
25.8,28,2019,03,15,UT,9,853
25.8,34,2019,03,16,UT,9,853
25.8,35,2019,03,17,UT,9,853
25.8,37,2019,03,18,UT,9,853
25.8,40,2019,03,19,UT,9,853
25.8,36,2019,03,20,UT,9,853
25.9,28,2019,03,21,UT,9,853
26.5,29,2019,03,22,UT,9,853
26.7,33,2019,03,23,UT,9,853
26.7,35,2019,03,24,UT,9,853
26.7,39,2019,03,25,UT,9,853
26.6,41,2019,03,26,UT,9,853
26.6,40,2019,03,27,UT,9,853
26.4,36,2019,03,28,UT,9,853
26.1,29,2019,03,29,UT,9,853
26.3,30,2019,03,30,UT,9,853
26.2,32,2019,03,31,UT,9,853
26.2,38,2019,04,01,UT,9,853
25.8,36,2019,04,02,UT,9,853
25.9,36,2019,04,03,UT,9,853
26.0,37,2019,04,04,UT,9,853
25.9,37,2019,04,05,UT,9,853
25.3,38,2019,04,06,UT,9,853
24.8,44,2019,04,07,UT,9,853
23.8,48,2019,04,08,UT,9,853
23.2,41,2019,04,09,UT,9,853
23.2,24,2019,04,10,UT,9,853
24.3,27,2019,04,11,UT,9,853
24.5,29,2019,04,12,UT,9,853
24.7,35,2019,04,13,UT,9,853
24.6,41,2019,04,14,UT,9,853
24.0,40,2019,04,15,UT,9,853
23.6,33,2019,04,16,UT,9,853
24.0,36,2019,04,17,UT,9,853
23.9,46,2019,04,18,UT,9,853
23.3,49,2019,04,19,UT,9,853
22.7,47,2019,04,20,UT,9,853
21.9,38,2019,04,21,UT,9,853
21.4,37,2019,04,22,UT,9,853
20.8,43,2019,04,23,UT,9,853
19.4,48,2019,04,24,UT,9,853
18.1,48,2019,04,25,UT,9,853
16.7,51,2019,04,26,UT,9,853
14.7,51,2019,04,27,UT,9,853
13.2,49,2019,04,28,UT,9,853
11.5,38,2019,04,29,UT,9,853
11.4,35,2019,04,30,UT,9,853
